prefecture,name,address,landmark,lat,lng,geocode_status,geocoded_address
北海道,第5白龍(ウグ・ヨルチ),北海道上川郡東川町,大雪山(白雲岳山頂 2230m),43.6991046,142.5104152,ok,"東川町, 上川郡(石狩国), 上川総合振興局, 北海道, 北海道地方, 日本"
北海道,第9白麟(ネオア・ユキ),北海道根室市色丹島,龍神島最東端のエイタンノット岬,,,failed,
北海道,第5白鳳(ロヨゼコプル),北海道沙流郡平取町,日高山脈幌尻岳(2052m)の山頂,42.5849386,142.12839,ok,"平取町, 沙流郡, 日高振興局, 北海道, 北海道地方, 日本"
北海道,第6白銀龍(ネアブアイア),北海道上川郡上川町層雲峡,大雪ダム湖の石狩川源流点,43.727881,142.951303,ok,"層雲峡, 国道39号, 層雲峡, 上川町, 上川郡(石狩国), 上川総合振興局, 北海道, 北海道地方, 078-1792, 日本"
北海道,第4白銀麟(バイウル),北海道上川郡美瑛町東町,美瑛神社敷地内(本殿の裏地),43.5907565,142.4765284,ok,"東町通, 東町二丁目, 字美瑛原野, 美瑛町, 上川郡(石狩国), 上川総合振興局, 北海道, 北海道地方, 071-0218, 日本"
北海道,第6白銀鳳(ビオルケグノ),北海道河東郡鹿追町,然別湖(湖畔北西部の沢),43.0988181,142.9888511,ok,"鹿追町, 河東郡, 十勝総合振興局, 北海道, 北海道地方, 日本"
北海道,第4銀龍(ナウエリ),北海道川上郡弟子屈町,摩周湖(中島: カムイシュ島),43.4843593,144.4592788,ok,"弟子屈警察署, 28, 中央二丁目, 弟子屈町, 川上郡, 釧路総合振興局, 北海道, 北海道地方, 088-3211, 日本"
北海道,第2銀武(キエスアケギ),北海道空知郡南富良野町,芦別岳(1726m)の山頂,43.1641782,142.5680408,ok,"南富良野町, 空知郡, 上川総合振興局, 北海道, 北海道地方, 079-2400, 日本"
北海道,第8金麟(ハオヨオ),北海道上川郡弟子屈町,屈斜路湖北岸(シケレペンベツ川河口付近),43.4843593,144.4592788,ok,"弟子屈警察署, 28, 中央二丁目, 弟子屈町, 川上郡, 釧路総合振興局, 北海道, 北海道地方, 088-3211, 日本"
北海道,第2金武(ガザジー),北海道札幌市中央区宮ヶ丘,北海道神宮境内の池,43.051478,141.306634,ok,"宮ケ丘, 中央区, 札幌市, 石狩振興局, 北海道, 北海道地方, 064-0959, 日本"
北海道,第1紫麟(ネクレ・ニエルリ),北海道利尻郡利尻町,利尻山(1721m)の山頂,45.187034,141.1396291,ok,"利尻町, 利尻郡, 宗谷総合振興局, 北海道, 北海道地方, 097-0401, 日本"
北海道,第1紫武(ヘイカナイレ),北海道斜里郡斜里町遠音別村,知床岬の突端の岩場,44.20071,145.239501,ok,"遠音別村, 斜里町, 斜里郡, オホーツク総合振興局, 北海道, 北海道地方, 日本"
北海道,第4群青鳳(ヨエイヒケル),北海道上川郡弟子屈町札友内,釧路川湿原(美留川合流点の下流500m),43.5232364,144.4080906,ok,"札友内, 弟子屈町, 川上郡, 釧路総合振興局, 北海道, 北海道地方, 088-3201, 日本"
北海道,第2青龍(クア),北海道稚内市宗谷岬,宗谷岬の突端の岩場(日本最北端),45.5228863,141.9366,ok,"宗谷岬, 稚内市, 宗谷総合振興局, 北海道, 日本"
北海道,第7青麟(フゲエフルン),北海道松前郡松前町字白神,白神岬の突端の岩場,41.4135418,140.1745286,ok,"白神, 松前町, 松前郡, 渡島総合振興局, 北海道, 北海道地方, 049-1524, 日本"
北海道,第5青鳳(プエリピオ),北海道幌泉郡えりも町,襟裳岬の突端の岩場(北海道最南端),,,failed,
北海道,第8青鳳(ヤフイリンオ),北海道積丹郡積丹町神崎草内,神威岬の先端部の岩場,,,failed,
北海道,第4青武(フエリン),北海道室蘭市母恋南町,地球岬の突端岩場,,,failed,
北海道,第8青武(ツオイヒルイ),北海道奥尻郡奥尻町宮津,宮津弁天の岩場,42.2102345,139.5435775,ok,"宮津, 奥尻町, 奥尻郡, 檜山振興局, 北海道, 北海道地方, 043-1403, 日本"
北海道,第7緑龍(ヒウゲイルア),北海道天塩郡幌延町,パンケ沼の中央湖底,45.0175638,141.8493352,ok,"幌延町, 天塩郡, 宗谷総合振興局, 北海道, 北海道地方, 098-2941, 日本"
北海道,第9緑鳳(ヨウゲギール),北海道斜里郡斜里町遠音別村,知床五湖の中の(三湖),44.20071,145.239501,ok,"遠音別村, 斜里町, 斜里郡, オホーツク総合振興局, 北海道, 北海道地方, 日本"
北海道,第5緑武(ケオイリーケ),北海道苫小牧市字植苗,ウトナイ湖の湖底,42.718511,141.676558,ok,"植苗, 苫小牧市, 胆振総合振興局, 北海道, 北海道地方, 059-1365, 日本"
北海道,第2黄麟(キーリ),北海道上川郡上川町層雲峡,層雲峡の大函(おおばこ)峡,43.727881,142.951303,ok,"層雲峡, 国道39号, 層雲峡, 上川町, 上川郡(石狩国), 上川総合振興局, 北海道, 北海道地方, 078-1792, 日本"
北海道,第7黄武(レーゲアオル),北海道勇払郡占冠村シムカップ,赤岩青巖(せいがん)峡の二つ岩の流域,42.9833545,142.4114654,ok,"占冠IC, 道東自動車道, 字シムカップ原野, 占冠村, 勇払郡, 上川総合振興局, 北海道, 北海道地方, 日本"
北海道,第1橙龍(ヌイキリクレ),北海道上川郡東川町ノカナン,大雪山連峰の旭岳(2290m),43.660756,142.712733,ok,"ノカナン, 東川町, 上川郡(石狩国), 上川総合振興局, 北海道, 北海道地方, 日本"
北海道,第5橙麟(ルアニーエ),北海道釧路市阿寒町,雄阿寒岳(1370m)・阿寒湖,43.1129124,144.1236227,ok,"阿寒町, 釧路市, 釧路総合振興局, 北海道, 北海道地方, 085-0292, 日本"
北海道,第5赤龍(レエエオオン),オホーツク海(宗谷岬から北西約30km沖合),,,,failed,
北海道,第1赤麟(ヘヨイリエリ),北太平洋(色丹島から北東に約150km沖合),,,,failed,
北海道,第8赤麟(ヘウエオオガ),北海道岩見沢市栗沢町,,43.124886,141.941392,ok,"栗沢町美流渡楓町, 岩見沢市, 空知総合振興局, 北海道, 北海道地方, 068-3183, 日本"
北海道,第8赤鳳(ヨイクイール),日本海(積丹半島の神威岬から真西に約230km沖合),,,,failed,
北海道,第8赤武(スエレン),太平洋(北海道襟裳岬から真南に約20km沖合),,,,failed,
青森県,第2白武(ネフオリエン),青森県睦市川内町福浦山,川内ダムの水源地(縫道石山626m)川内川源流点,,,failed,
青森県,第5白銀武(ビメルニズワ),青森県下北郡東通村,尻屋埼(灯台)海岸突端部,41.277613,141.3290738,ok,"東通村, 下北郡, 青森県, 日本"
青森県,第5銀鳳(ケウレコーケ),青森県東津軽郡外ヶ浜町,龍飛崎の先端岩石,41.0430897,140.6318351,ok,"外ヶ浜町, 東津軽郡, 青森県, 日本"
青森県,第2群青龍(ハイコカエゲ),青森県十和田市奥瀬十和田湖,中山半島の錦ヶ浦から200m沖合の湖底,40.4281533,140.8943461,ok,"十和田湖郵便局, 十和田市, 青森県, 018-5599, 日本"
青森県,第3青武(ツイキケオリ),青森県北津軽郡中泊町小泊,小泊岬(権現岬)の突端の岩場,41.127884,140.3034555,ok,"小泊, 中泊町, 北津軽郡, 青森県, 037-0514, 日本"
青森県,第1緑麟(リーヌプオン),青森県西津軽郡深浦町大字松神,十二湖の中の青池(マリンブルー),40.5439131,139.9479459,ok,"松神, 深浦町, 西津軽郡, 青森県, 038-2206, 日本"
青森県,第8黄麟(クエケフイル),青森県十和田市大字奥瀬,奥入瀬渓流の(阿修羅の流れ)付近,40.5853042,141.1088188,ok,"奥瀬, 十和田市, 青森県, 034-0399, 日本"
青森県,第8橙鳳(ネクルエール),青森県西津軽郡深浦町,白神岳(1235m),40.6473448,139.927454,ok,"深浦町, 西津軽郡, 青森県, 日本"
岩手県,第3白龍(シジキルチニ),岩手県下閉伊郡岩泉町,安家(アッカ)鍾乳洞,39.8438742,141.7943977,ok,"岩手県立岩泉高等学校, 国道455号, 太田, 岩泉, 岩泉町, 下閉伊郡, 岩手県, 027-0595, 日本"
岩手県,第6白龍(ゾンヤワルネ),岩手県八幡平市,八幡平山頂(1614m),39.9564706,141.0709451,ok,"八幡平市, 岩手県, 028-7397, 日本"
岩手県,第3白銀鳳(ダウギゲルジ),岩手県盛岡市薮川,岩洞湖(レストハウスの北対岸周辺),39.818087,141.390724,ok,"薮川, 盛岡市, 岩手県, 日本"
岩手県,第1金鳳(キウリレルギ),岩手県西磐井郡平泉町,中尊寺境内の薬師如来堂の池,38.9922676,141.1207298,ok,"岩手県立平泉世界遺産ガイダンスセンター, 相川平泉線, 平泉町, 西磐井郡, 岩手県, 021-4199, 日本"
岩手県,第9紫鳳(プイルグエル),岩手県奥州市水沢中上野町,駒形神社の裏手の沢,39.1340217,141.1394852,ok,"水沢中上野町, 水沢東上野町, 水沢宮下町, 水沢, 奥州市, 岩手県, 023-0801, 日本"
岩手県,第4群青龍(ナイラ),岩手県西磐井郡平泉町,達谷窟(たっこくのいわや)の池,38.9922676,141.1207298,ok,"岩手県立平泉世界遺産ガイダンスセンター, 相川平泉線, 平泉町, 西磐井郡, 岩手県, 021-4199, 日本"
岩手県,第2青鳳(ヨイウオヒレ),岩手県宮古市重茂大平,魹(とど)ヶ崎の岩場(本州最東端),39.5895173,142.0036958,ok,"熊の平大橋, 重茂半島線, 音部, 宮古市, 岩手県, 027-0111, 日本"
岩手県,第8緑麟(ルエガレイオ),岩手県八幡平市八幡平山頂部,八幡沼(標高1560m)の湿地沼,,,failed,
岩手県,第8黄武(ラエアケール),岩手県下閉伊郡岩泉町岩泉神成,龍泉洞(第3地底湖の中),,,failed,
岩手県,第6橙龍(ノエルケール),岩手県一関市(宮城県栗原市),奥羽山脈の栗駒山(1626m),,,failed,
岩手県,第3黒鳳(セコエ),岩手県八幡平市高畑,「桜松神社」の境内の二本のカエデが一対になる縁結びの木に龍管が入力しており、また神社本殿の社の中に魔界ナグが開いている。,40.069717,141.061296,ok,"高畑, 八幡平市, 岩手県, 日本"
宮城県,第9白銀鳳(ヒリンニキリ),宮城県仙台市青葉区上愛子,月山池（がっさんいけ）,38.2701111,140.7557309,ok,"上愛子, 青葉区, 仙台市, 宮城県, 989-3128, 日本"
宮城県,第1金武(バエブヒルン),宮城県宮城郡松島町松島,松島五大堂(瑞巌寺)の小島,38.3670646,141.071251,ok,"松島, 松島町, 宮城郡, 宮城県, 日本"
宮城県,第3青龍(ヤエル),宮城県石巻市金華山鮎川浜,金華山島の最東端の海岸の岩場,,,failed,
宮城県,第3緑武(ケイルイア),宮城県大崎市鳴子温泉湯元,潟沼(かたぬま: カルデラ湖),38.7399981,140.7164343,ok,"鳴子温泉 湯元 吉祥, 10, 大崎市, 宮城県, 989-6823, 日本"
宮城県,第6赤武(ソキエオルン),宮城県登米市津山町,,38.626731,141.155046,ok,"米山町中津山, 登米市, 宮城県, 987-3331, 日本"
宮城県,第4黒武(チエヌ),宮城県仙台市青葉区川内,「宮城縣護國神社」の拝殿の裏側の正面から左手の杉の木に龍管が入力しており、また魔界ナグは本殿の御身体に開いている。,38.2608821,140.8503638,ok,"川内, 砲兵営前通線, 角五郎一丁目, 川内元支倉, 青葉区, 仙台市, 宮城県, 980-0861, 日本"
秋田県,第3銀龍(カイクビオケ),秋田県仙北町西木町,田沢湖の湖底(御座石神社湖岸から200m沖合)： 【ヤエゲリア龍神】,39.7170863,140.131663,ok,"秋田〜仙台, 秋田北野田線, 中通二丁目, 千秋久保田町, 手形字中谷地, 秋田市, 秋田県, 010-8530, 日本"
秋田県,第5金鳳(ラエルヨーヌ),秋田県大仙市協和,唐松神社(天日宮)の池(池中央に高天原石碑),39.6189008,140.3622802,ok,"道の駅協和, 国道46号, 協和荒川, 大仙市, 秋田県, 019-2401, 日本"
秋田県,第6青麟(ババ・ニエヒーオ),秋田県男鹿市北浦入道崎昆布浦,入道崎の突端の岩場,,,failed,
秋田県,第1緑龍(ヘクエヨルン),秋田県仙北市西木町桧木内相内潟,田沢湖北岸の湖底(御座石神社),,,failed,
秋田県,第3緑鳳(ヌイエン),秋田県雄勝郡東成瀬村椿川,須川(すかわ)湖栗駒国定公園,39.100823,140.70999,ok,"椿川, 東成瀬村, 雄勝郡, 秋田県, 日本"
秋田県,第1橙鳳(ノニリヤヌイ),秋田県秋田市(上小阿仁村),太平山(1170m),,,failed,
秋田県,第9黒龍(クオオワルエ),秋田県鹿角市十和田毛馬内毛馬内沢,「(鹿角市)月山神社」の本殿正面から右側の狛犬の背後の二本目の杉の木に龍管が入力し、魔界ナグは本殿の御身体に開いている。： 【ヤエゲリア龍神】,,,failed,
山形県,第5白麟(ニエガ・ケケ),山形県飽海郡遊佐町,鳥海山(出羽富士)山頂(2236m),39.0148066,139.9087757,ok,"遊佐町, 飽海郡, 山形県, 日本"
山形県,第4白銀龍(ギオイブオリ),山形県鶴岡市,月山(1984m)九合目の月山真名井神社(佛生池),38.7272187,139.8266292,ok,"鶴岡市, 山形県, 日本"
山形県,第6金龍(ヒールボエゲ),山形県西村山郡西川町,湯殿山(出羽三山の一つ: 1500m)の山頂(湯殿山神社),38.426408,140.1474306,ok,"西川町, 西村山郡, 山形県, 日本"
山形県,第8金武(ビエゴハエル),山形県鶴岡市三瀬宮ノ前,気比神社の海岸線の岩場,,,failed,
山形県,第8群青鳳(ナエオイーギ),山形県西置賜郡小国町字小渡,赤芝峡眺望台(JR鉄橋眼下付近),38.0879641,139.730373,ok,"小渡, 小国町, 西置賜郡, 山形県, 999-1401, 日本"
山形県,第4黄武(ルオヌリ),山形県山県市大字山寺,面白山紅葉川渓谷の毘沙門淵,36.060597,139.4080631,ok,"行田東松山線, 東平, 東松山市, 埼玉県, 355-0004, 日本"
山形県,第4橙鳳(ヌフエル),山形県長井市(小国町),祝瓶(いわいがめ)山(1417m),,,failed,
山形県,第7黒龍(ホリヌ),山形県米沢市大字大沢(県道232号線沿い),「大沢の雪舟(そり)大明神」の石碑のうち、一番大きい右側の石碑に龍管が入力し、左がわの三個の石碑のうち、真ん中の苔むした石碑に魔界ナグが開いている。,,,failed,
福島県,第4白武(ブエアオイ・ゲア),福島県南会津郡檜枝岐村,大津岐川(小ヨッピ沢)の源流点湿地,37.0242346,139.3889296,ok,"檜枝岐村, 南会津郡, 福島県, 日本"
福島県,第8白銀武(ヨビエオーレ),福島県会津若松市港町,猪苗代湖(西湖岸)田面浜付近,37.5748017,139.9133334,ok,"河東町岡田, 会津若松市, 福島県, 965-8601, 日本"
福島県,第6銀龍(ヌオ・ユオベ),福島県南会津郡檜枝岐村,三条の滝(100m)の滝壺,37.0242346,139.3889296,ok,"檜枝岐村, 南会津郡, 福島県, 日本"
福島県,第9金龍(ハアー・ゲ),福島県耶麻郡北塩原村,毘沙門沼(裏磐梯の湖沼の一つ),37.6558156,139.9376936,ok,"北塩原村, 耶麻郡, 福島県, 日本"
福島県,第4紫龍(ズズジ・ダガ),福島県郡山市湖南町福良,隠津島(おきつしま)神社(お菅様)の滝,37.385002,140.092873,ok,"湖南町福良, 郡山市, 福島県, 日本"
福島県,第6紫鳳(ホエボニオル),福島県福島市飯坂町茂庭,摺上川渓谷の滑滝(なめたき)の滝壺,37.9006805,140.4354296,ok,"飯坂町茂庭, 福島市, 福島県, 960-0271, 日本"
福島県,第7青鳳(フ・へへル),福島県いわき市平簿磯宿崎,塩屋埼灯台の海岸岩場,,,failed,
福島県,第3緑麟(ルイヒケ),福島県耶麻郡北塩原村大字檜原,五色沼湖沼群(瑠璃沼),37.691697,140.084767,ok,"大字桧原, 北塩原村, 耶麻郡, 福島県, 969-2701, 日本"
福島県,第6緑鳳(ヌーオイイ),福島県南会津郡檜枝岐村,尾瀬沼(1660m),37.0242346,139.3889296,ok,"檜枝岐村, 南会津郡, 福島県, 日本"
福島県,第3黄鳳(テーコヒーリ),福島県東白川郡矢祭町,滝川渓谷のおぼろ滝の滝壺,36.8718111,140.4252144,ok,"矢祭町, 東白川郡, 福島県, 日本"
福島県,第7橙麟(ルアゲイル),福島県福島市,安達太良連峰北端の鬼面山(1482m),37.760777,140.4745807,ok,"福島市, 福島県, 日本"
福島県,第6赤龍(レオピグエン),福島県南会津郡南会津町(会津高原スキー場),,,,failed,
福島県,第4赤鳳(ヨイオクル),福島県南相馬市鹿島区,,37.6791354,140.9956438,ok,"鹿島区大内, 南相馬市, 福島県, 979-2334, 日本"
福島県,第7赤武(ソケイウエオ),太平洋(福島県南相馬市から東北東に約80km沖合),,,,failed,
茨城県,第4白龍(セヌソサルン),茨城県久慈郡大子町,(奥久慈)男体山の山頂岩峰(654m),36.7647755,140.3639606,ok,"大子町, 久慈郡, 茨城県, 日本"
茨城県,第7銀鳳(ヘイルキケル),茨城県東沖合約400km,日本海溝の底の割れ目(水深7700m),,,failed,
茨城県,第1銀武(ハクブイエガ),茨城県筑波市,筑波山(877m女体峰)山頂(筑波神社),36.0833265,140.077279,ok,"つくば市, 茨城県, 日本"
茨城県,第7紫龍(オオ・ハジラ),茨城県日立市入四間町,御岩神社の不動池(三本杉は魔界ナグ),36.643672,140.579073,ok,"入四間町, 日立市, 茨城県, 日本"
茨城県,第2紫麟(ナデワヤヒン),茨城県北茨城市華川町花園,花園神社の境内の弁天池,36.867512,140.625984,ok,"華川町花園, 北茨城市, 茨城県, 日本"
茨城県,第7黄龍(フカエエール),茨城県常陸太田市下高倉町,竜神峡の亀ヶ淵の滝壺,36.7000045,140.4713807,ok,"下高倉町, 常陸太田市, 茨城県, 313-0352, 日本"
茨城県,第9橙鳳(ヌイヌラエヌ),茨城県久慈郡(福島県東白川郡),八溝山(やみぞさん: 1021m),,,failed,
茨城県,第8赤龍(レケイアゲア),茨城県水戸市常盤町(偕楽園公園の中),,,,failed,
茨城県,第4赤武(セピナエイ),茨城県日立市若葉町(日立市民会館の近く),,,,failed,
茨城県,第1黒麟(ルキネバエケ),茨城県常陸太田市大中町,「大中(おおなか)神社」の入り口の朱色の鳥居の正面右側から三番目の杉の木に龍管が入力し、更に本殿の御身体に魔界ナグが開いている。,36.731811,140.490583,ok,"大中町, 常陸太田市, 茨城県, 311-0505, 日本"
栃木県,第5白武(テウルエオリ),栃木県日光市中禅寺湖,華厳の滝(97m)の滝壺,36.7368493,139.4768685,ok,"中禅寺湖, 日光市, 栃木県, 日本"
栃木県,第6金鳳(ヨエルバケル),栃木県那須郡那須町湯本,那須北温泉近くの余笹川支流の川岩(道が無い),37.0825686,140.0261302,ok,"湯本, 那須町, 那須郡, 栃木県, 325-0301, 日本"
栃木県,第7群青龍(ヌキアイ),栃木県矢板市下伊佐野,おしらじの滝の滝壺(おしらじブルー),36.8753138,139.8688982,ok,"下伊佐野, 矢板市, 栃木県, 日本"
栃木県,第7緑麟(ヌビエリゲ),栃木県日光市,湯ノ湖(湯滝の上の湖畔),36.7197576,139.698139,ok,"日光市, 栃木県, 日本"
栃木県,第2緑武(ケビエオーア),栃木県日光市西川地先,湯西川(ゆにしがわ: ダム)湖の湖底,36.8071199,139.7116266,ok,"国立代々木競技場, 会津西街道, 鬼怒川温泉大原, 日光市, 栃木県, 321-2522, 日本"
栃木県,第1黄龍(フエギケオル),栃木県那須塩原市百村,木の俣渓谷の交流広場の流域,37.080147,139.865112,ok,"百村, 那須塩原市, 栃木県, 日本"
栃木県,第9橙龍(ネイレウエフ),栃木県日光市,鳴虫山(1103m),36.7197576,139.698139,ok,"日光市, 栃木県, 日本"
栃木県,第9橙麟(ルエガヒエイ),栃木県那須郡那須町,那須岳(=茶臼岳: 1915m),37.0198382,140.1208649,ok,"那須町, 那須郡, 栃木県, 日本"
栃木県,第5黒麟(ロビク),栃木県日光市大室,(日光大室)高靇(たかお)神社」の御神木の楠の木に龍管が入力し、末社の方に魔界ナグが開いている。,36.721232,139.749875,ok,"大室, 日光市, 栃木県, 日本"
群馬県,第1白鳳(チヘニアオス),群馬県利根郡片品尾瀬,尾瀬ヶ原下田代の竜宮湧水場(只見川源流点),36.9398423,139.2415966,ok,"尾瀬ヶ原, 檜枝岐村, 南会津郡, 福島県, 日本"
群馬県,第7白武(ブオオガグイ),群馬県高崎市榛名湖町,榛名湖の南岸から200m先の湖底,36.468889,138.874528,ok,"榛名湖町, 高崎市, 群馬県, 377-0102, 日本"
群馬県,第3銀麟(クウレグアギ),群馬県甘楽郡下仁田町,妙義山(1103m)相馬岳山頂,36.210374,138.7963831,ok,"群馬県立下仁田高等学校, 西上州やまびこ街道, 白山, 下仁田, 下仁田町, 甘楽郡, 群馬県, 370-2601, 日本"
群馬県,第1金麟(ネギオズキイ),群馬県吾妻郡草津町,草津白根山(2150m)の鏡池,36.6206672,138.5960851,ok,"草津町, 吾妻郡, 群馬県, 377-1711, 日本"
群馬県,第8紫武(ヌイレエグイ),群馬県前橋市下大屋町,産泰神社の安産抜けビシャクの龍水,36.393093,139.172375,ok,"下大屋町, 前橋市, 群馬県, 379-2102, 日本"
群馬県,第9群青麟(ケイゴエオル),群馬県利根郡みなかみ町藤原,武尊山(2158m)の山頂,,,failed,
群馬県,第1緑武(キエオオーイ),群馬県利根郡みなかみ町相俣,赤谷(あいや)湖の湖底(相俣ダム),,,failed,
群馬県,第2黄龍(ホフルキエイ),群馬県利根郡みなかみ町藤原,照葉峡(11個の滝の中で翡翠の滝に入力),,,failed,
群馬県,第6黄龍(ヒエコ・クエ),群馬県藤岡市下日野黒石,蛇喰(じゃばみ)渓谷のパーキングエリア付近,,,failed,
群馬県,第9黄武(レオガイービ),群馬県吾妻郡東吾妻町大字松谷,吾妻渓谷の白絹の滝付近(若葉台),,,failed,
群馬県,第8橙麟(リエヤニルイ),群馬県嬬恋村(長野県小諸市),黒斑(くろふ)山(2404m),,,failed,
群馬県,第2黒龍(ネグオ),群馬県吾妻郡中之条町大字入山,「十二の杜神社(中之条六合地区鍛治坂集落の神社)」の御身体である楢(なら)の巨木自体に龍管が入力し、更にその楢の木から右真横に50歩程歩いた距離(20m)の山の斜面(何も無い)に魔界ナグが開いている。,36.6473441,138.6359112,ok,"入山, 中之条町, 吾妻郡, 群馬県, 377-1793, 日本"
埼玉県,第9白銀武(ベヨユリルン),埼玉県秩父郡長瀞町,長瀞岩畳,36.0945177,139.1159019,ok,"長瀞岩畳, いろは通り, 川面, 長瀞, 長瀞町, 秩父郡, 埼玉県, 369-1621, 日本"
埼玉県,第3紫龍(ネエエリオ),埼玉県さいたま市大宮市高鼻町,氷川神社の境内の神池,35.910861,139.6286372,ok,"高鼻町市民花壇, 大宮区, さいたま市, 埼玉県, 日本"
埼玉県,第4紫麟(ブエイリエル),埼玉県越谷市越谷,久伊豆神社の神池内の水神社の鳥居,35.8883517,139.7859003,ok,"越谷, 市役所前中央通り, 越ヶ谷一丁目, 西方, 越谷市, 埼玉県, 343-0808, 日本"
埼玉県,第2黄武(レイアニキイ),埼玉県比企郡嵐山町鎌形,嵐山渓谷の渡り飛び石から100m上流部,36.0229102,139.3106593,ok,"鎌形, 嵐山町, 比企郡, 埼玉県, 355-0221, 日本"
埼玉県,第4橙龍(ネイケブエギ),埼玉県秩父市(長野県南佐久郡),奥秩父山系の三宝山(2483m),,,failed,
埼玉県,第8黒鳳(サルン),埼玉県秩父市三峰,「三峰(みつみね)神社」の拝殿正面の左側の重忠杉(御神木)に龍管が入力し、本殿内部に魔界ナグが開いている。,35.9267142,138.9267752,ok,"三峰, 秩父市, 埼玉県, 365-1901, 日本"
千葉県,第1銀麟(ニエーゲルン),千葉県香取市香取,香取神宮内敷地の要石(かなめいし)付近,35.8979896,140.5320045,ok,"香取, 旧香取津宮線, 津宮, 香取市, 千葉県, 287-0011, 日本"
千葉県,第6群青龍(フオイヨイル),千葉県館山市大神宮,安房神社の御水湧出口,34.9197284,139.8449533,ok,"大神宮, 館山市, 千葉県, 日本"
千葉県,第4青龍(ビーオバ),千葉県銚子市犬吠埼,犬吠埼海岸の岩場,35.7080988,140.8697542,ok,"犬吠埼, 銚子市, 千葉県, 288-0012, 日本"
千葉県,第5青麟(ラエリオ),千葉県南房総市白浜町白浜,房総半島最南端の野島崎の海岸,34.9127986,139.9002107,ok,"白浜町白浜, 南房総市, 千葉県, 295-0102, 日本"
千葉県,第7青武(ツエリゲイン),千葉県鴨川市小湊,大弁天島海岸の弁天岩： 【ヤエゲリア龍神】,35.116816,140.202993,ok,"小湊, 鴨川市, 千葉県, 299-5501, 日本"
千葉県,第7黄麟(ゴイウオ),千葉県君津市梨沢,梨沢渓谷の大滝の下流200m(黒瀬),35.1928925,140.0193273,ok,"豊英旧倉沢, 豊英, 君津市, 千葉県, 292-1179, 日本"
千葉県,第6黒武(タエーケ),千葉県長生郡長南町蔵持,「四宮神社」の洞穴に龍管が入力しており、また魔界ナグは神社の本殿の中に開いている。,35.385022,140.2132376,ok,"蔵持, 長南町, 長生郡, 千葉県, 297-0125, 日本"
東京都,第9白銀龍(ヌブイ・ハオ),東京都大島町大島,西海岸(玉の浜)から1km沖合の海底岩峰,34.7498645,139.3637192,ok,"東京地方裁判所伊豆大島簡易裁判所, 10, 大島町, 大島支庁, 東京都, 日本"
東京都,第9白銀麟(ナザニゼメロ),東京都渋谷区代々木,明治神宮(清正の井戸),35.682304,139.6917362,ok,"代々木, 渋谷区, 東京都, 151-0053, 日本"
東京都,第5銀龍(グイフエン),東京都千代田区九段北3,靖国神社境内の神池庭園,,,failed,
東京都,第6銀鳳(クイオバエル),東京都小笠原村,沖ノ鳥島岩礁,27.0942961,142.1918887,ok,"小笠原村, 小笠原支庁, 東京都, 日本"
東京都,第7銀武(ヌエゲケルン),東京都世田谷区松原3丁目,菅原神社境内の厳島神社の池,35.665452,139.6446177,ok,"松原三丁目, 松原, 世田谷区, 東京都, 日本"
東京都,第7金麟(ノエオニルイ),東京都千代田区千代田,皇居東御苑の二の丸庭園の池,35.685403,139.752738,ok,"千代田, 千代田区, 東京都, 100-0001, 日本"
東京都,第7金鳳(グエ・ネルン),東京都千代田区外神田,神田神社(神田明神)の本堂建物,35.7011217,139.7711004,ok,"外神田, 千代田区, 東京都, 101-0021, 日本"
東京都,第3金武(ニービキエベ),東京都千代田区永田町2丁目,日枝神社の境内の広場,35.67505,139.741228,ok,"永田町二丁目, 永田町, 千代田区, 東京都, 100-0014, 日本"
東京都,第8紫鳳(ベーイルイン),東京都江東区亀戸,亀戸天神社の池(男太鼓橋の近く),35.6976987,139.827138,ok,"亀戸, 東武 亀戸駅, 亀戸五丁目, 亀戸, 江東区, 東京都, 136-0071, 日本"
東京都,第1群青鳳(ユルグビルナ),東京都府中市宮町,大國魂(おおくにたま)神社の水神社の井戸,35.0118489,135.7501042,ok,"京都市営地下鉄東西線, 御池通, 西ノ京星池町, 中京区, 京都市, 京都府, 604-8417, 日本"
東京都,第6群青武(ヘウヌイール),東京都八丈島町三根,八丈島の三根岬の突端の岩場,33.122267,139.802399,ok,"三根郵便局, 神湊八重根港線, 明治橋, 三根, 八丈町, 八丈支庁, 東京都, 100-1511, 日本"
東京都,第8青麟(ヤオベ),東京都神津島村字葱の場,千両池の海岸岩場,,,failed,
東京都,第4緑武(ケーグイエ),東京都西多摩郡奥多摩町,奥多摩湖(小河内ダム)の湖底,35.8027986,139.0840342,ok,"水根貨物線, 奥多摩むかしみち, 小留浦, 氷川, 奥多摩町, 西多摩郡, 東京都, 198-0212, 日本"
東京都,第7赤鳳(ヨエナル),太平洋(小笠原諸島姉島から南南西に約300km沖合),,,,failed,
東京都,第3赤武(セレウヒルン),太平洋(伊豆大島から真南に約10km沖合),,,,failed,
東京都,第6黒龍(ワオイネオン),東京都目黒区下目黒3丁目,「(目黒区)大鳥神社」の本殿右側の四つの石碑の一つ(字が刻まれている最初の石碑)に龍管が入力され、神社正面左側の社務所に魔界ナグが開いている。,35.6294263,139.7091329,ok,"下目黒三丁目, 下目黒, 目黒区, 東京都, 153-0064, 日本"
神奈川県,第2金龍(ニウウリルケ),神奈川県鎌倉市材木座,天照山光明寺(浄土真宗)境内の池,35.305726,139.5514501,ok,"材木座, 2号橋, 材木座六丁目, 鎌倉市, 神奈川県, 248-0013, 日本"
神奈川県,第8金龍(ケーオヤイル),神奈川県三浦市三崎町城ヶ島,城ヶ島の半島先端の岩場(安房崎灯台の先三つ目の岩),35.1334834,139.6200192,ok,"三崎町城ヶ島, 三浦市, 神奈川県, 238-0298, 日本"
神奈川県,第7群青鳳(ホアンナイギ),神奈川県高座郡寒川町宮山,寒川神社の神嶽山神苑の難波の小池,35.3822546,139.379689,ok,"宮山, 首都圏中央連絡自動車道, 一之宮五丁目, 寒川町, 高座郡, 神奈川県, 253-0106, 日本"
神奈川県,第9青武(クエ),神奈川県足柄下郡真鶴町,真鶴半島先端の三ツ石の岩場,35.1568188,139.1329952,ok,"真鶴駅前交番, 真鶴, 真鶴町, 足柄下郡, 神奈川県, 259-0201, 日本"
神奈川県,第5緑龍(フォルホゲイ),神奈川県藤沢市江の島,江島神社(辺津宮)の銭洗いの龍神池,35.3001052,139.4806371,ok,"江の島, 藤沢市, 神奈川県, 251-0036, 日本"
神奈川県,第6橙麟(ルーキケヨル),神奈川県足柄下郡箱根町,箱根山(1438m)・芦ノ湖,35.2247666,139.0925472,ok,"神奈川県道732号湯本元箱根線, 湯本茶屋, 箱根町, 足柄下郡, 神奈川県, 250-0312, 日本"
神奈川県,第3赤鳳(ヨオエオオル),太平洋・相模湾(神奈川県小田原市の約3km沖合),,,,failed,
神奈川県,第5赤鳳(ヨケルエピル),神奈川県横浜市南区大岡(横浜国立大付属中学の前の通り),,,,failed,
神奈川県,第1赤武(シエオアブン),神奈川県足柄上郡北町(丹沢湖の中に入力),,,,failed,
神奈川県,第5黒武(チリヌ),神奈川県伊勢原市大山,「大山阿夫利(あふり)神社」の下社の獅子山に龍管が入力して、また魔界ナグも下社の天満宮の社に開いている。,35.4408317,139.2313338,ok,"大山, 伊勢原市, 神奈川県, 259-1107, 日本"
新潟県,第6白鳳(ロメネユレン),新潟県妙高市,妙高山(2454m)中央火山丘と外輪山の間(北側),37.0252467,138.253635,ok,"妙高市, 新潟県, 日本"
新潟県,第5白銀龍(ゼデワナズギ),新潟県東蒲原郡阿賀町七名,たきがしら湿原の旧湿地帯,37.547158,139.52947,ok,"七名, 阿賀町, 東蒲原郡, 新潟県, 日本"
新潟県,第1銀鳳(エグイケヘル),新潟県西蒲原郡弥彦村弥彦,弥彦山(634m)山頂(弥彦神社御神廟),37.6992561,138.8319529,ok,"弥彦, 停車場通り, 大字走出, 弥彦村, 西蒲原郡, 新潟県, 959-0323, 日本"
新潟県,第8紫龍(ルイエオーエ),新潟県村上市岩ケ崎,多岐神社海岸線の滝,38.247773,139.443628,ok,"岩ケ崎, 村上市, 新潟県, 日本"
新潟県,第4紫鳳(ヒオゲヌビル),新潟県魚沼市字津野,奥只見湖の中(十二山神社の側),,,failed,
新潟県,第4青麟(ケールイ),新潟県佐渡市鷲崎,佐渡の弾埼岬の海岸淵,38.3333235,138.4869054,ok,"鷲崎, 佐渡市, 新潟県, 日本"
新潟県,第1青武(テフオニーレ),新潟県新潟市西浦区角田浜,判官舟かくしの海岸岩場(角田灯台),37.8007616,138.8562923,ok,"新潟中央環状線, 松野尾, 西蒲区, 新潟市, 新潟県, 953-0012, 日本"
新潟県,第6緑龍(フエオゲ),新潟県上越市本城町,高田城郭の内水濠(北側のお堀),37.110108,138.256478,ok,"本城町, 上越市, 新潟県, 943-0824, 日本"
新潟県,第6緑武(アキイヌイ),新潟県阿賀野市水原,瓢湖(ひょうこ),37.8365796,139.2172379,ok,"水原, 新関水原停車場線, 下条町, 阿賀野市, 新潟県, 959-2099, 日本"
新潟県,第6黄麟(カエコケゲル),新潟県十日町市小出,清津峡の柱状節理の近辺,36.9852703,138.7428772,ok,"小出, 十日町市, 新潟県, 日本"
新潟県,第3赤麟(ヘーオガエ),日本海(佐渡の弾埼岬から真北に約60km沖合),,,,failed,
新潟県,第2黒鳳(セイリケイ),新潟県魚沼市奥只見湖,「(大福銀山)十二山神社」の坑道跡の岩室の中に龍管が入力し、また神社の敷地の横の石碑(石碑の底部の岩倉)に魔界ナグが開いている。,37.1112618,139.2356231,ok,"奥只見湖, 檜枝岐村, 南会津郡, 福島県, 日本"
富山県,第7白麟(ネケコ・ナゲ),富山県黒部市黒部川中流,黒部渓谷の下廊下(白竜峡),,,failed,
富山県,第7白銀麟(クエオアオイ),富山県富山市,北アルプス薬師岳(2926m)の山頂,36.6957569,137.2136215,ok,"富山市, 富山県, 日本"
富山県,第7群青麟(クウイケーオ),富山県高岡市古城,射水神社(高岡古城公園の水濠),36.7488096,137.0219752,ok,"古城, 定塚町, 高岡市, 富山県, 933-0042, 日本"
富山県,第5群青鳳(ダエギイール),富山県南砺市桂,桂湖(境川ダム)の南端部の支流合流点付近,36.324808,136.813777,ok,"桂, 南砺市, 富山県, 日本"
富山県,第2緑鳳(ヘオウル),富山県中新川郡立山町室堂,ミクリガ池(2405m) 立山連峰,36.5771923,137.5957936,ok,"室堂, 立山有料道路, 立山町, 中新川郡, 富山県, 930-1412, 日本"
富山県,第4黄麟(ケイラエナ),富山県黒部市宇奈月温泉奥山,猿飛峡(欅平駅から遊歩道の終点付近),,,failed,
富山県,第4橙麟(レキエヌエリ),富山県中新川郡立山町,大日連峰の大日岳(2501m),36.6634944,137.3139395,ok,"立山町, 中新川郡, 富山県, 日本"
富山県,第2橙武(レーヌヨエル),富山県富山市(岐阜県飛騨市),白木峰(しらきがみね: 1596m),36.2340383,137.1921203,ok,"飛騨市立古川小学校, 鼠餅古川線, 国府町鶴巣, 飛驒市, 岐阜県, 509-4222, 日本"
富山県,第8黒武(ツイオ),富山県中新川郡立山町伊勢屋,「伊勢屋神明社」の御神木の巨大杉に龍管が入力しており、本殿の中に魔界ナグが開いている。,36.615878,137.373139,ok,"伊勢屋, 立山町, 中新川郡, 富山県, 日本"
石川県,第2白銀龍(デシトヌエオ),石川県白山市下吉谷町,綿ケ滝(わたがたき)の滝壺,36.3425701,136.6272131,ok,"下吉谷町, 白山市, 石川県, 920-2304, 日本"
石川県,第6白銀武(ハエル・フイ),石川県金沢市兼六町,兼六園(霞ケ池),36.5629352,136.6623016,ok,"兼六町, 金沢市, 石川県, 920-0936, 日本"
石川県,第7銀龍(フナゲエビア),石川県輪島市沖合北西220km,日本海の海底鍾乳洞(海面下400m)大和堆中央,,,failed,
石川県,第9銀武(フエフエオヤ),石川県珠洲市,能登半島珠洲岬(金剛崎)聖域の岬,37.4363793,137.2606015,ok,"珠洲市, 石川県, 日本"
石川県,第7紫鳳(ボイヌケルン),石川県白山市三宮町,白山比咩(ひめ)神社の境内の龍神池： 【ヤエゲリア龍神】,36.43497,136.64682,ok,"三宮町, 白山市, 石川県, 920-2113, 日本"
石川県,第6緑麟(ロエジユエネ),石川県加賀市大聖寺神明町,全昌寺の井戸,35.358455,136.858737,ok,"市立藤里小学校, 県道浅井犬山線, 宮田町本郷, 江南市, 愛知県, 483-8312, 日本"
石川県,第5黒鳳(ソイル),石川県金沢市石引,「石川護国神社」の境内の願掛けの五葉松に龍管が入力し、また魔界ナグは神社の拝殿内に開いている。,36.5548062,136.6712131,ok,"石引, 上石引町【小立野通り】, 石引一丁目, 石引1丁目, 金沢市, 石川県, 920-0935, 日本"
福井県,第5銀麟(コイヒケオル),福井県大野市長野,九頭竜湖の中央南岸部(県道230号線側),35.88648,136.676738,ok,"長野, 大野市, 福井県, 912-0205, 日本"
福井県,第3紫麟(ケーヌチオ),福井県大野市篠座,篠座(しのくら)神社の天女ヶ池(御霊水場),35.96783,136.4948326,ok,"篠座, 大野市, 福井県, 912-8666, 日本"
福井県,第4群青麟(ユイエバグエ),福井県敦賀市曙町,氣比神宮の境内の神水苑,35.6569214,136.0766655,ok,"曙町, 敦賀市, 福井県, 914-0052, 日本"
福井県,第9青龍(ギア・ナイル),福井県丹生郡越前町血ヶ平,越前海岸の岩場,35.9761308,135.9759807,ok,"血ヶ平, 越前町, 丹生郡, 福井県, 日本"
福井県,第5青武(チエイル),福井県敦賀市白木,門ヶ崎の突端の岩場,35.7322969,135.9770666,ok,"白木海水浴場, 敦賀市, 福井県, 日本"
福井県,第4橙武(レイネヒエン),福井県大野市(石川県白石市),赤兎山(1628m)・赤池湿原,33.530464,130.4831139,ok,"福岡県筑紫保健福祉環境事務所, 那珂川大野城線, 白木原三丁目, 大字白木原, 大野城市, 福岡県, 816-0943, 日本"
山梨県,第9白鳳(ピムデブケガ),山梨県南アルプス市,明石山脈北岳(3193m)山頂,35.6084642,138.465092,ok,"南アルプス市, 山梨県, 日本"
山梨県,第5白銀鳳(ベーテカ),山梨県南巨摩郡早川町,農鳥岳(3026m)の山頂,35.4127607,138.3629372,ok,"早川町, 南巨摩郡, 山梨県, 日本"
山梨県,第2白銀武(フェケイ),山梨県南都留郡山中湖村,山中湖(富士五湖)湖岸(鯨の腹部)から200m沖,35.4106073,138.8610756,ok,"山中湖村, 南都留郡, 山梨県, 日本"
山梨県,第7銀麟(フク・ヨエイ),山梨県甲府市御岳町,昇仙峡(仙娥滝付近) 金櫻神社,35.7693173,138.5588266,ok,"御岳町, 甲府市, 山梨県, 日本"
山梨県,第7紫武(ナナ・ヤイギ),山梨県富士吉田市小明見,小明見(富士浅間神社)の龍池,35.4953559,138.8282556,ok,"小明見, 富士吉田市, 山梨県, 403-8601, 日本"
山梨県,第2緑麟(レーヨヒルン),山梨県南都留郡富士河口湖町,精進湖(富士五湖の一つ)の北西湖岸,35.4858719,138.7706593,ok,"山梨県立富士山世界遺産センター, 富士河口湖富士線, 富士河口湖町, 南都留郡, 山梨県, 401-0392, 日本"
山梨県,第4黄鳳(ツエケオゲイ),山梨県山梨市三富上釜口,西沢渓谷の七つ釜五段の滝の真ん中の滝壺,35.8218867,138.7561108,ok,"三富上釜口, 山梨市, 山梨県, 日本"
山梨県,第5橙龍(ナケエグオ),山梨県南巨摩郡(静岡県静岡市),明石山脈(白峰領) 布引山(2583m),,,failed,
山梨県,第5橙鳳(ネオルエオ),山梨県北杜市(長野県伊那市),明石山脈の栗沢山(2714m),,,failed,
山梨県,第3橙武(ルエカナ),山梨県南巨摩郡,七面山(1989m),35.4178925,138.4471491,ok,"南巨摩郡, 山梨県, 日本"
山梨県,第3赤龍(ビエゲバ),山梨県都留市田野倉,,35.5932862,138.9313118,ok,"田野倉, 富士みち, 田野倉, 都留市, 山梨県, 402-0001, 日本"
山梨県,第2赤鳳(ヤ・ヌエオオ),山梨県南巨摩郡早川町(南アルプスの山中),,,,failed,
長野県,第7白龍(ユボキ・エネ),長野県茅野市霧ヶ峰,霧ヶ峰八島ヶ原(ハットオガハラ)湿原,,,failed,
長野県,第1白麟(ゾコケウエオ),長野県松本市安曇上高地,大正池(梓川の源流点),,,failed,
長野県,第3白麟(ウマバワウル),長野県松本市安曇鈴蘭,乗鞍岳山頂(3025m),,,failed,
長野県,第2白鳳(バイギエウル),長野県北安曇郡小谷村,雨飾山(1963m)の荒菅沢の布団菱,36.778635,137.9093227,ok,"小谷村郷土館, 国道148号, 千国, 小谷村, 北安曇郡, 日本"
長野県,第1白銀麟(ワウルサンカ),長野県茅野市(山梨県北杜市),八ヶ岳(赤岳: 2899m)の山頂(石碑周辺),35.7889879,138.3956776,ok,"長坂警察署日野春駐在所, 茅野北杜韮崎線, 須玉町若神子新町, 北杜市, 山梨県, 407-0007, 日本"
長野県,第9銀麟(ゲイケネール),長野県松本市(大町市),槍ヶ岳(3180m)山頂,34.6190849,136.0816239,ok,"上野名張線, 南町, 名張市, 三重県, 518-0444, 日本"
長野県,第6金麟(リエルゲゲゾ),長野県栄村雑魚川,奥志賀高原大滝(おおぜん: 35m)の滝壺,,,failed,
長野県,第3金鳳(ヘーオギオ),長野県高井郡山ノ内町平隠,志賀高原焼額山(2009m)山頂の稚児池,36.7378046,138.4246624,ok,"Heiwakannon 平和観音, Issa's Promenade, 湯田中, 平穏, 山ノ内町, 下高井郡, 381-0402, 日本"
長野県,第6金武(ゼグゼコ),長野県下伊那郡天龍村,天竜川渓谷(秋葉ダムと船明ダムの間),35.2762417,137.854149,ok,"天龍村役場, 国道418号, 満島, 平岡, 天龍村, 下伊那郡, 日本"
長野県,第6紫麟(ハオキニエン),長野県長野市長野元善町,善光寺境内の放生池,32.8003582,129.8475823,ok,"県立長崎工業高等学校, 虹が丘町西町１号線, 虹が丘町, 長崎市, 長崎県, 850-8685, 日本"
長野県,第8群青龍(フイイハエイ),長野県南佐久郡佐久穂町,古谷渓谷の乙女の滝の滝壺,36.1545675,138.4841627,ok,"佐久穂小学校, 川上佐久線, 大字高野町, 佐久穂町, 南佐久郡, 384-0613, 日本"
長野県,第5群青武(ハイルルニイ),長野県長野市戸隠,飯綱山(1917m)の山頂,36.7272161,138.0792925,ok,"長野吉田高校戸隠分校, 長野戸隠線, 長野市, 381-4102, 日本"
長野県,第8群青武( ヘーガヌルエ),長野県諏訪市中洲宮町,諏訪大社(諏訪湖龍神の宿場),36.7414613,138.3707285,ok,"長野県中野立志館高等学校, 信州中野停車場線, 三好町一丁目, 南宮, 中野市, 383-0034, 日本"
長野県,第9緑龍(ヘオキバ),長野県上水内郡信濃町,野尻湖の南湖畔,36.7590394,138.2507887,ok,"長野県北部高等学校, 北信五岳道路, 西原, 倉井, 釜淵, 飯綱町, 上水内郡, 389-1211, 日本"
長野県,第1緑鳳(ユエハエギン),長野県南佐久郡小梅町,松原湖沼群の中の猪名(いな)湖,35.4271812,136.761073,ok,"旧岐阜県庁舎, 長良橋通り, 徹明通二丁目, 本町三丁目, 岐阜市, 岐阜県, 500-8034, 日本"
長野県,第9黄龍(フゲエスイ),長野県木曽郡大桑村大字野尻,阿寺(あてら)渓谷の牛ヶ淵,,,failed,
長野県,第1黄武(ルイゴウエリ),長野県南佐久郡南牧村海尻,湯川渓谷の氷瀑布(最大瀑布の付近),36.0408627,138.4735154,ok,"海尻, 佐久甲州街道, 南牧村, 南佐久郡, 日本"
長野県,第2橙龍(ネーレヒエル),長野県伊那市,南アルプスの塩見岳(3047m),35.8386267,137.9593558,ok,"伊那市, 伊那市停車場線, 錦町, 坂下, 伊那市, 396-0025, 日本"
長野県,第9橙武(ルオラフエ),長野県上伊那郡飯島町,木曽山脈の越百(こすも)山(2614m),35.6753406,137.9192963,ok,"飯島町図書館, 国道153号, 南仲町, 飯島町, 上伊那郡, 399-3797, 日本"
長野県,第4赤麟(サエアン),長野県下伊那郡豊丘村,,35.5889805,138.0705077,ok,"秋葉古道（梨原道）, 林道中峰黒川線, 梨原, 大鹿村, 下伊那郡, 399-3501, 日本"
長野県,第7黒鳳(セオン),長野県北安曇郡白馬村大字北城,「伝行山(でんぎょうざん)下堂(しもんどう)神社」の庚申殿の横の枝垂れ桜に龍管が入力し、本殿(秋葉様)の社に魔界ナグが開いている。,,,failed,
岐阜県,第3白鳳(ロゾケヂヨ・エゾ),岐阜県大野郡白川村,白水湖(大白川ダム)の白水滝(72m)の滝壺,36.2710215,136.8986129,ok,"白川村, 大野郡, 岐阜県, 日本"
岐阜県,第6白武(アタギシオナ),岐阜県高山市,飛騨山脈穂高岳(3190m)の山頂： 【ヤエゲリア龍神】,36.1396246,137.2510322,ok,"高山市, 岐阜県, 日本"
岐阜県,第2白銀麟(フエオフイエ),岐阜県下呂市金山町弓掛,東仙峡金山湖(弓掛川サイドの湖上部),35.817619,137.152559,ok,"金山町弓掛, 下呂市, 岐阜県, 日本"
岐阜県,第6紫龍(ナイオクフ),岐阜県郡上市八幡町那比,那比(なび)本宮神社境内の川,35.699002,136.878896,ok,"八幡町那比, 郡上市, 岐阜県, 日本"
岐阜県,第5紫鳳(ヒエオベ),岐阜県下呂市萩原町上呂,久津(くず)八幡宮の地下の温泉溜まり,35.9112895,137.2075059,ok,"萩原町上呂, 下呂市, 岐阜県, 日本"
岐阜県,第3群青龍(フエゲイエゲ),岐阜県美濃市須原,洲原(すはら)神社の神岩(長良川の小島),35.5871289,136.9419591,ok,"須原, 美濃市, 岐阜県, 501-3714, 日本"
岐阜県,第3群青鳳(パエルヤ),岐阜県中津川市付知,付知(つけち)峡不動滝の滝壺,35.4252767,136.7463601,ok,"岐阜県立岐阜高等学校, 岐阜関ヶ原線, 都通一丁目, 岐阜市, 岐阜県, 500-8866, 日本"
岐阜県,第8緑鳳(ヨエーイ),岐阜県下呂市金山町卯野原,東仙峡金山湖の上流部,35.778045,137.150412,ok,"金山町卯野原, 下呂市, 岐阜県, 日本"
岐阜県,第8緑武(ゲギエヌエネ),岐阜県山県市長滝,伊自良湖(人工溜池),35.566094,136.698627,ok,"長滝, 山県市, 岐阜県, 日本"
岐阜県,第1黄鳳(ヅエギグール),岐阜県関市板取杉原,川浦(かおれ)渓谷の休憩所の谷間付近,,,failed,
静岡県,第7白銀龍(クエギヤオル),静岡県賀茂郡河津町梨本,初景滝(七滝)の滝壺,34.810311,138.924601,ok,"梨本, 河津町, 賀茂郡, 静岡県, 413-0501, 日本"
静岡県,第4白銀武(ビアケ・リブ),静岡県賀茂郡南伊豆町,石廊崎の突端部,34.7397892,138.7758589,ok,"静岡県自動車学校松崎校, 南伊豆松崎線, 道部, 松崎町, 賀茂郡, 静岡県, 410-3696, 日本"
静岡県,第4銀麟(ギーギビレゾ),静岡県周智郡森町,小國神社の事待池,34.8816585,137.9449934,ok,"袋井春野線, 森町, 西俣, 静岡県, 437-0216, 日本"
静岡県,第7金龍(ヌキグ・ガゴ),静岡県静岡市葵区(長野県),南アルプス聖岳(3013m)の山頂： 【ヤエゲリア龍神】,34.9794377,138.3829951,ok,"静岡県指定天然記念物 家康手植のミカン, 双葉葵の小径, 駿府城公園, 葵区, 静岡市, 静岡県, 420-8602, 日本"
静岡県,第2群青鳳(ナイクアキエ),静岡県浜松市天竜龍山町大嶺,白倉(しらくら)峡(エメラルド・グリーンの滝壺),34.98661,137.785755,ok,"龍山町大嶺, 天竜区, 浜松市, 静岡県, 431-3804, 日本"
静岡県,第3群青武(ヘルオルエナ),静岡県裾野市御宿,影ヶ島渓谷の屏風岩,35.210606,138.911735,ok,"御宿, 裾野市, 静岡県, 410-1107, 日本"
静岡県,第7群青武(ヒーブルイ),静岡県伊東市富戸,城ヶ崎海岸の突端部,34.9094,139.131082,ok,"富戸, 伊東川奈八幡野線, 川奈, 伊東市, 静岡県, 414-0051, 日本"
静岡県,第9緑麟(リエエオオン),静岡県榛原郡川根本町大井川ダム,接岨湖(せっそこ)の峡谷口,35.1646042,138.1425306,ok,"大井川ダム, 川根本町, 榛原郡, 静岡県, 日本"
静岡県,第8黄鳳(テイグリーヌ),静岡県富士宮市上井出,白糸の滝の滝壺,35.32595,138.605487,ok,"上井出, 富士宮市, 静岡県, 418-0103, 日本"
静岡県,第1赤鳳(ユイリウイル),静岡県伊豆市地蔵堂(伊豆ハイツゴルフ場内),,,,failed,
静岡県,第8黒麟(ルイク),静岡県富士市本市場,「(米之宮)浅間(せんげん)神社」境内の御神木(夫婦木)に龍管が入力し、本殿の御身体に魔界ナグが開いている。,35.156805,138.657497,ok,"本市場, 富士市, 静岡県, 416-0906, 日本"
愛知県,第8白麟(ケイエ・ネイ),愛知県北設楽郡豊根村,茶臼山の山頂(1416m),35.17104,137.7420171,ok,"豊根村, 北設楽郡, 愛知県, 日本"
愛知県,第7白銀鳳(ヤイヨエズロ),愛知県知多郡南知多町,羽豆岬灯台の下の岩場,34.7150958,136.9300341,ok,"南知多町, 知多郡, 愛知県, 470-3502, 日本"
愛知県,第8銀鳳(ニエゲール),愛知県一宮市真清田,眞清田神社の境内の神池,35.3074162,136.8019253,ok,"真清田神社, 開運橋, 真清田一丁目, 一宮市, 愛知県, 491-0043, 日本"
愛知県,第9紫龍(ハイネオキケ),愛知県北設楽郡東栄町,槻(つき)神社の下の沢,35.0326474,137.717067,ok,"愛知県身体障害者療護施設すぎのき寮, 国道151号, 東栄町, 北設楽郡, 愛知県, 日本"
愛知県,第9青鳳(ピグアオイ),愛知県田原市伊良湖町古山,伊良湖岬(灯台)の海岸の岩場,35.1757849,136.7255123,ok,"白山神社, 名古屋津島線, 本町, 津島市, 愛知県, 496-0801, 日本"
愛知県,第3黄麟(ケイケイール),愛知県豊田市和合町,羽左(はざ)の窪(くぼ)峡,35.029193,137.367396,ok,"和合町, 豊田市, 愛知県, 444-3206, 日本"
愛知県,第5黄武(リーウネガ),愛知県豊田市大滝町與市田,大滝渓谷の王滝橋の近辺,35.1248231,136.930965,ok,"市立津賀田中学校, 山手グリーンロード, 豊岡通, 瑞穂区, 名古屋市, 愛知県, 467-0823, 日本"
愛知県,第2黒麟(レエケエフ),愛知県犬山市字宮山,「大縣(おおあがた)神社」の姫石に龍管が入力し、また姫の宮の中心部に魔界ナグが開いている。,35.329777,136.971261,ok,"字宮山, 犬山市, 愛知県, 485-0821, 日本"
三重県,第8白銀麟(ケゴオヌセガ),三重県伊勢市宇治館町,伊勢神宮の内宮池,34.4613038,136.7272675,ok,"宇治館町, 伊勢市, 三重県, 516-0037, 日本"
三重県,第9銀龍(ベウキニエレ),三重県伊勢市宮後１丁目,伊勢神宮「月夜見宮（豊受大神宮別宮）」創造主セザナ神の本殿(返り御霊所在地)、本殿手前の一番大きな杉の巨木に龍管が入力している。,34.4918404,136.7072502,ok,"宮後一丁目, 伊勢市, 三重県, 516-0037, 日本"
三重県,第3金龍(クキイナオゴ),三重県伊賀市新堂,神明(しんめい)神社の境内,34.8210883,136.2066992,ok,"新堂, 旧新堂停車場線, 新堂, 伊賀市, 三重県, 519-1416, 日本"
三重県,第4金武(ヘイルエエン),三重県度会郡大紀町滝原,皇大神宮別宮(瀧原宮: 若宮神社の本殿:水神),34.367638,136.430624,ok,"滝原, 大紀町, 度会郡, 三重県, 519-2404, 日本"
三重県,第9紫麟(ヘウエキルン),三重県志摩市磯部町迫間,皇大神宮(伊雑宮: いざわのみや)の池,34.3661186,136.7962847,ok,"磯部町迫間, 志摩市, 三重県, 517-0201, 日本"
三重県,第6群青麟(ヨエイアオイ),三重県度会郡大紀町滝原,瀧原宮(たきはらのみや)の境内の小川,34.367638,136.430624,ok,"滝原, 大紀町, 度会郡, 三重県, 519-2404, 日本"
三重県,第9青麟(ヨエヨイール),三重県志摩市大王町波切,大王埼岬海岸の岩場,34.2825739,136.8917513,ok,"大王町波切, 志摩市, 三重県, 517-0699, 日本"
三重県,第3黄武(ルエルクイン),三重県多気郡大台町大杉,桧原川流域の崩壊地(台風被害の渓谷),34.2785269,136.1970209,ok,"大杉, 大台町, 多気郡, 三重県, 日本"
三重県,第9黒麟(ロキーナエル),三重県伊勢市宮後１丁目,「(伊勢神宮別宮)月夜見宮（豊受大神宮別宮）」創造主セザナ神の本殿(返り御霊所在地)、本殿に龍管が入力し、魔界ナグは本殿の御霊の中に開いている。： 【ヤエゲリア龍神】,34.4918404,136.7072502,ok,"宮後一丁目, 伊勢市, 三重県, 516-0037, 日本"
滋賀県,第8金鳳(ヤイルエール),滋賀県近江八幡市加茂町,琵琶湖賀茂神社の湖畔,35.124706,136.066933,ok,"加茂町, 近江八幡市, 滋賀県, 523-0061, 日本"
京都府,第2白麟(キエオブエオ),京都市右京区京北細野町,芦見谷川渓谷(地蔵山と竜ヶ岳の境),35.1098365,135.6276114,ok,"京北細野町, 右京区, 京都市, 京都府, 616-0000, 日本"
京都府,第1白銀鳳(ナエコフルン),京都市左京区岡崎西天王町,平安神宮東神苑の栖鳳池,35.0156015,135.7812184,ok,"岡崎西天王町, 左京区, 京都市, 京都府, 606-8341, 日本"
京都府,第5銀武(ブオルケルン),京都市伏見区深草藪之内町,伏見稲荷大社の周辺の谺(こだま)ヶ池,34.9694415,135.7662464,ok,"京都市立伏見工業高等学校, 師団街道, 深草森吉町, 伏見区, 京都市, 京都府, 612-0012, 日本"
京都府,第5金麟(ビオヨリボ),京都府宮津市宮津湾,天橋立の磯清水(砂嘴の井戸)の中,35.571628,135.2065222,ok,"宮津湾, 宮津市, 京都府, 629-2244, 日本"
京都府,第2紫龍(ヌエルヤエイ),京都府京都市左京区下鴨泉川町,下鴨神社の御手洗社,35.038033,135.778101,ok,"京都市左京老人福祉センター, 川端通, 田中馬場町, 左京区, 京都市, 京都府, 606-8101, 日本"
京都府,第1紫鳳(ベイルルイン),京都府京都市上京区京都御苑,京都御所内の御内庭の池(反橋付近),35.0421443,135.730837,ok,"カルメル会修道院, 京都府京都市, 鞍馬口通, 衣笠北天神森町, 北区, 京都市, 京都府, 603-8481, 日本"
京都府,第2紫武(ニエリグエゴ),京都府京都市東山区祇園町,八坂神社の御神水(龍穴),35.0265997,135.7392156,ok,"京豆腐, 七本松通, 観音寺門前町, 毘沙門町, 上京区, 京都市, 京都府, 602-8325, 日本"
京都府,第1群青龍(アイソウレ),京都府京都市上京区馬喰町,北野天満宮のもみじ苑(天神川),35.0421443,135.730837,ok,"カルメル会修道院, 京都府京都市, 鞍馬口通, 衣笠北天神森町, 北区, 京都市, 京都府, 603-8481, 日本"
京都府,第9群青武(ハオイキーリ),京都府京都市左京区鞍馬本町,鞍馬寺の息つぎの清水(奥の院は魔界ナグ),35.1159238,135.7758823,ok,"鞍馬本町, 鞍馬, 左京区, 京都市, 京都府, 601-1111, 日本"
京都府,第1青龍(ヌーレヨイゴ),京都府京丹後市丹後町袖志,経ヶ岬(きょうがみさき)突端の岩場,35.762532,135.2036689,ok,"丹後町袖志, 京丹後市, 京都府, 627-0241, 日本"
京都府,第8緑龍(クエケオル),京都府京都市北区,金閣寺の鏡湖池,35.0409797,135.7541379,ok,"北区, 京都市, 京都府, 日本"
京都府,第4緑麟(レリノ・ヌイ),京都府京都市左京区大原勝林院町,宝泉院(鶴亀庭園の池),35.1240747,135.8351938,ok,"大原勝林院町, 大原, 左京区, 京都市, 京都府, 601-1242, 日本"
京都府,第7橙武(ルイケヒオリ),京都府南丹市(京丹波町),長老ヶ岳(959m),35.2634976,135.4590447,ok,"京都府大野ダム総合管理事務所, 綾部宮島線, 長瀬, 南丹市, 船井郡, 京都府, 日本"
京都府,第4赤龍(ルーオイ),日本海(経ヶ崎岬から真北に約220km沖合),,,,failed,
京都府,第6黒麟(リニル),京都府京都市東山区粟田口鍛治町,「粟田(あわだ)神社」境内の吉兵衛神社の土地の守り石に龍管が入力し、また太郎兵衛神社の社に魔界ナグが開いている。,35.0004986,135.7607506,ok,"ホテル日航プリンセス京都, 630, 高辻通, 茶磨屋町, 繁昌町, 下京区, 京都市, 京都府, 600-8084, 日本"
大阪府,第8白銀龍(ピアゲイ),大阪府泉南郡熊取町久保,永楽ダム湖見出川の源流点,34.3754455,135.3815654,ok,"久保, 熊取町, 泉南郡, 大阪府, 597-0104, 日本"
大阪府,第2金麟(ヒエオヨエル),大阪府豊能郡能勢町天王,深山(791m)の深山神社,35.0292495,135.3784332,ok,"天王, 能勢町, 豊能郡, 大阪府, 日本"
大阪府,第5紫麟(クイピキオエ),大阪府大阪市住吉区住吉,住吉大社の池(太鼓橋から北側),34.616346,135.505247,ok,"大阪府立急性期・総合医療センター, あべの筋, 播磨町一丁目, 住吉区, 大阪市, 大阪府, 545-0035, 日本"
大阪府,第2群青麟(ナリウケイエ),大阪府東大阪市東石切町,石切剣箭(つるぎや)神社の池,34.6890166,135.6499684,ok,"北石切町, 東大阪市, 大阪府, 579-8003, 日本"
大阪府,第2黄鳳(テイゲー),大阪府高槻市大字原地内,摂津峡の八畳岩と第二キャンプ場の間付近,,,failed,
大阪府,第7黒麟(ウケエ),大阪府大阪市中央区大阪城内,「豊國(ほうこく)神社」境内の石庭の中の一番大きな庭石に龍管が入力し、本殿(拝殿)の御身体に魔界ナグが開いている。,34.6894509,135.5228848,ok,"大阪城公園案内図, 筋違門筋, 大阪城, 中央区, 大阪市, 大阪府, 540-8519, 日本"
兵庫県,第8白龍(ニウグネキゲ),兵庫県神戸市東灘区六甲山,六甲山最高峰の山頂岩倉(931m),,,failed,
兵庫県,第8銀武(ニーケ・ガク),兵庫県養父市大屋町,天滝渓谷(滝から600m下流域),35.3333339,134.6649997,ok,"大屋町, 養父市, 兵庫県, 667-1105, 日本"
兵庫県,第7金武(ヌエガエグ),兵庫県豊岡市瀬戸,西刀(せと)神社の本殿(岬の突端),35.6500916,134.8274273,ok,"瀬戸, 豊岡市, 兵庫県, 669-6122, 日本"
兵庫県,第6紫武(ジゲエギール),兵庫県西宮市社家町,えびす宮総本社(西宮神社)の神水滝,34.735141,135.3349784,ok,"社家町, 西宮市, 兵庫県, 662-8567, 日本"
兵庫県,第5群青龍(ダエキケイケ),兵庫県姫路市総社本町,射楯兵主(いたてひょうず)神社の地下水,34.8332823,134.6966475,ok,"総社本町, 姫路市, 兵庫県, 670-0922, 日本"
兵庫県,第6青武(テケエグエル),兵庫県美方郡香美町香住区沖浦,大引の鼻海岸線の岩場,35.6603897,134.6587713,ok,"香住区沖浦, 香美町, 美方郡, 兵庫県, 669-6543, 日本"
兵庫県,第4黄龍(ヘキケー),兵庫県豊岡市日高町羽尻,阿瀬渓谷(坐禅の滝の滝壺),35.4608477,134.6817039,ok,"日高町羽尻, 豊岡市, 兵庫県, 日本"
兵庫県,第3橙鳳(ノヒルヌリヌ),兵庫県姫路市,雪彦(せっぴこ)山(915m),34.8153529,134.6854793,ok,"姫路市, 兵庫県, 日本"
兵庫県,第2赤龍(ルエイニオル),兵庫県姫路市夢前町,,34.9732099,134.6849635,ok,"夢前町, 姫路市, 兵庫県, 679-2217, 日本"
兵庫県,第1黒鳳(ズイヨケオン),兵庫県淡路市柳澤乙,「岩上神社」の巨石(神籠石: ひもろぎいし)に龍管が入力しており、朱塗りの本殿に魔界ナグが開いている。,,,failed,
奈良県,第2白龍(ツフヌ・ヨネ),奈良県吉野郡十津川村,玉置山の枕状溶岩群,,,failed,
奈良県,第1銀龍(ジャンバラ),奈良県桜井市三輪,三輪山(大神神社)山頂の岩座,34.5268962,135.8486238,ok,"三輪, 三輪停車場線, 三輪, 桜井市, 奈良県, 633-0061, 日本"
奈良県,第8銀龍(ガイエケ),奈良県奈良市春日野町,春日大社の舞殿(直会殿)の広場,34.6817293,135.8445282,ok,"春日野町, 奈良市, 奈良県, 630-8212, 日本"
奈良県,第2金鳳(ヒケエヘーヌ),奈良県吉野郡東吉野村,丹生川上神社(にうかわかみ)中社の東の滝の滝壺,34.4032711,135.9682717,ok,"東吉野村, 吉野郡, 奈良県, 日本"
奈良県,第2群青武(フナニ・ガリ),奈良県橿原市久米町,橿原神宮の境内南の深田池,34.4845455,135.7902508,ok,"久米町, 橿原市, 奈良県, 634-0064, 日本"
奈良県,第2緑龍(フエ・ルクゴ),奈良県山辺郡山添村字桐山,布目湖南岸の湖底,34.6800386,135.9766021,ok,"奈良名張線, 峰寺, 山添村, 山辺郡, 奈良県, 630-2299, 日本"
奈良県,第7黄鳳(ゲイヌ),奈良県吉野郡天川村字北角,御手洗(みたらい)渓谷の下流の大岩付近,,,failed,
奈良県,第1橙麟(リエオヌエル),奈良県吉野郡天川村,大峰山脈の三上(さんじょう)ヶ岳(1719m),34.2191315,135.8584089,ok,"天川村, 吉野郡, 奈良県, 日本"
奈良県,第2橙鳳(ネイグビル),奈良県野迫川村(十津川村),伯母子(おばこ)岳(1344m),,,failed,
奈良県,第3黒龍(ケイキオ),奈良県御所市大字森脇,「葛城座一言主(かつらぎにいますひとことぬし)神社」の拝殿前のイチョウの古木(乳銀杏)に龍管が入力し、魔界ナグは古木の真正面から直ぐ右横に御縄で囲われた一角に開いている。,34.6820382,135.8293105,ok,"奈良縣里程元標, 三条通り, 登大路町, 橋本町, 奈良市, 奈良県, 630-8216, 日本"
和歌山県,第7白鳳(スウニブオン),和歌山県那智勝浦町,那智の大滝(133m)の滝壺,33.6411327,135.9339638,ok,"那智勝浦町, 東牟婁郡, 和歌山県, 649-5392, 日本"
和歌山県,第8銀麟(ギエクビ),和歌山県田辺市龍神村龍神,熊野古道(紀伊路)の日高川付近,33.9898164,135.5621522,ok,"龍神村龍神, 田辺市, 和歌山県, 646-8545, 日本"
和歌山県,第2銀鳳(ハニーユルン),和歌山県田辺市本宮町本宮,熊野本宮大社(熊野古道・小辺路の途中),33.836955,135.77055,ok,"本宮町本宮, 本宮町, 田辺市, 和歌山県, 646-8545, 日本"
和歌山県,第4紫武(ギエオガ),和歌山県伊都郡高野町,高野山奥の院の川(他に魔界ナグが二箇所),34.215788,135.5872944,ok,"高野町, 伊都郡, 和歌山県, 日本"
和歌山県,第5青龍(ヒエグブルン),和歌山県東牟婁郡串本町潮岬,潮岬(しおのみさき)突端の岩場,33.4377085,135.7549926,ok,"潮岬, 串本町, 東牟婁郡, 和歌山県, 649-3502, 日本"
和歌山県,第6青鳳(ユエケナリブ),和歌山県和歌山市友ヶ島深山,友ヶ島の西海岸(アメダスの向いの海岸),,,failed,
和歌山県,第7赤龍(ロロイキイ),和歌山県海草郡紀美野町,,34.1671327,135.3078381,ok,"紀美野町, 海草郡, 和歌山県, 日本"
鳥取県,第7白銀武(ヘオケ・ヘウ),鳥取県大山町(琴浦町),大山(1729m)第2峰の弥山(1709m)山頂,35.4975906,133.5680621,ok,"淀江琴浦線, 高橋, 大山町, 西伯郡, 鳥取県, 689-3199, 日本"
鳥取県,第5群青麟(エイエア),鳥取県日野郡日南町湯河,道後山(1269m)の山頂沼,35.1146255,133.2076406,ok,"湯河, 日南町, 日野郡, 鳥取県, 日本"
鳥取県,第5黄鳳(テウエニイ),鳥取県鳥取市用瀬町赤波,赤波川甌穴群渓谷のラビエ状甌穴領域,35.3079183,134.2435946,ok,"用瀬町赤波, 鳥取市, 鳥取県, 680-0416, 日本"
鳥取県,第7赤麟(ホイエゲ),鳥取県鳥取市副部町八重原,,35.5227478,134.2853817,ok,"福部町八重原, 鳥取市, 鳥取県, 689-0102, 日本"
鳥取県,第2黒武(ツイン),鳥取県日野郡日南町宮内,「樂樂福(ささふく)神社」の白蛇神の社に龍管が入力されており、また本殿内部に魔界ナグが開いている。,35.1431432,133.2483029,ok,"宮内, 日南町, 日野郡, 鳥取県, 日本"
島根県,第6銀麟(ウケハエブ),島根県出雲市大社町杵築,出雲大社 境内中央部(大国主尊石像)： 【ヤエゲリア龍神】,35.4057,132.6741586,ok,"大社町杵築北, 大社町, 出雲市, 島根県, 699-0711, 日本"
島根県,第7緑武(ケールニーエ),島根県雲南市掛合町松笠,龍頭(りゅうず)ヶ滝(雄滝)の滝壺,35.204575,132.785222,ok,"掛合町松笠, 雲南市, 島根県, 日本"
島根県,第9黄鳳(テーゴイエル),島根県仁多郡奥出雲町三成,鬼の舌震(したぶるい)渓谷(恋の吊り橋上流部),35.1961739,133.0153826,ok,"三成, 奥出雲町, 仁多郡, 島根県, 699-1434, 日本"
島根県,第3黒武(テオイエ),島根県邑智郡邑南町戸河内,「大所幸神社」の社に魔界ナグが開いているものの、肝心の龍管の入力場所は県境を超えて広島県側の神社サイドに有ります。その住所は「広島県安芸高田市美土里町生田」であり、神社名は「 大所大歳神社 」であって、その社(やしろ)の周辺の木に龍管が入力しています。この様な場合、願い事をする際には島根県側の本殿の方で行う必要があります。,34.8536718,132.6431039,ok,"戸河内, 邑南町, 邑智郡, 島根県, 696-0501, 日本"
岡山県,第9白武(グウイ・クオ),岡山県真庭市蒜山,山乗渓谷の不動滝(20m)の滝壺,35.3250132,133.6636454,ok,"蒜山, 真庭市, 岡山県, 日本"
岡山県,第2白銀鳳(ゲコムゼ),岡山県岡山市北区,岡山城の内堀,34.719623,135.2217876,ok,"兵庫信用金庫 六甲支店 五毛出張所, 山麓線, 国玉通二丁目, 灘区, 神戸市, 兵庫県, 657-0067, 日本"
岡山県,第1群青麟(ハエイクエウ),岡山県倉敷市林,日本第一熊野神社の行者池,34.533262,133.813534,ok,"林, 倉敷市, 岡山県, 710-0142, 日本"
岡山県,第7橙龍(ヌエガイレ),岡山県真庭市(鳥取県江府町),擬宝珠(ぎぼし)山(1110m),,,failed,
岡山県,第1黒龍(ワエイフオナ),岡山県真庭市木山,「木山神社」の三ノ鳥居の左横の太鼓殿に龍管が入力しており、また魔界ナグは本殿正面右横(本殿の稲荷神社の真ん中)の天満宮の御神体の中に開いている。,34.9903128,133.7270039,ok,"木山, 鹿田, 真庭市, 岡山県, 719-3152, 日本"
広島県,第8白鳳(ビネグイワ・ビア),広島県安芸太田町,恐羅漢山(1346m)奥三段狭の上の岩壁,34.5766489,132.2271423,ok,"安芸太田町, 山県郡, 広島県, 日本"
広島県,第1金龍(ギャンバラ),広島県廿日市市宮島町,大願寺境内(厳島神社の隣)の手前の龍神池,34.2988011,132.3212291,ok,"宮島町, 廿日市市, 広島県, 日本"
広島県,第1群青武(モアロタラス),広島県竹原市田ノ浦,礒宮八幡神社の忠孝岩の池,34.348119,132.915967,ok,"田ノ浦川, 本町二丁目, 竹原市, 広島県, 725-0022, 日本"
広島県,第5緑鳳(ヤイガイーア),広島県神石郡神石高原町永野,神龍湖の湖底(帝釈峡),34.8312271,133.2234885,ok,"永野, 神石高原町, 神石郡, 広島県, 729-5244, 日本"
広島県,第5黄龍(フエケール),広島県山県郡安芸太田町柴木,三段峡(黒淵),34.5956519,132.2081015,ok,"柴木, 安芸太田町, 山県郡, 広島県, 731-3899, 日本"
広島県,第6橙鳳(ヌフルケルン),広島県安芸太田町(島根県益田市),旧羅漢山(1334m),,,failed,
広島県,第4黒麟(レオニエイ),広島県三原市中之町,「賀羅加波(からかわ)神社」の御神木である大イチョウに龍管が入力し、更に社殿の左手に境内社が三つあるが、その中の名無しの社殿に魔界ナグが開いている。,34.410884,133.13309,ok,"中之町南, 三原市, 広島県, 723-0001, 日本"
山口県,第3銀武(ラクコゼ),山口県下関市一の宮住吉,長門國住吉神社の旧跡地,33.9997829,130.9568677,ok,"住吉神社, 一の宮住吉二丁目, 下関市, 山口県, 日本"
山口県,第5紫龍(グアコヒール),山口県山口市滝町,山口大神宮(内宮: 西のお伊勢様)の池,34.188225,131.465967,ok,"滝町, 山口市, 山口県, 日本"
山口県,第3紫鳳(ホエイン),山口県長門市油谷津黄,元乃隅(もとのすみ)神社の潮吹き岬の突端： 【ヤエゲリア龍神】,34.4160988,131.0733841,ok,"油谷津黄, 長門市, 山口県, 759-4712, 日本"
山口県,第8青龍(ヘエエヒアル),山口県下関市彦島田,金ノ弦(かねのつる)岬の灯台の岩場,33.948872,130.919592,ok,"山口県下関水産振興局, 南風泊港線, 大和町二丁目, 下関市, 山口県, 750-0025, 日本"
山口県,第3青麟(クアケアギゼ),山口県長門市油谷向津具下油谷,俵島の柱状節理海岸,34.4051437,130.9515451,ok,"油谷港線, 油谷向津具下, 長門市, 山口県, 759-4699, 日本"
山口県,第9黄麟(コエギケーナ),山口県岩国市錦町宇佐,寂地(じゃくち)峡の龍頭の滝,34.422004,132.0522369,ok,"錦町宇佐, 山崎, 岩国市, 山口県, 日本"
山口県,第5橙武(レオイオエ),山口県山口市(島根県津和野町),十種(とくさ)ヶ峰(989m),,,failed,
山口県,第9黒武(ツルギ),山口県下松市吉原,「降松(くだまつ)神社」の拝殿正面の左側の木(灯籠の隣)に龍管が入力しており、また魔界ナグは本殿の中に開いている。,33.9555416,131.2502947,ok,"山口県宇部県民局, 琴芝際波線, 西琴芝二丁目, 宇部市, 山口県, 755-0033, 日本"
徳島県,第3白銀龍(プエキリア・グオ),徳島県那賀郡那賀町沢谷,山系中腹の岩峰群の龍神岩,33.8678661,134.2738969,ok,"沢谷, 那賀町, 那賀郡, 徳島県, 771-5295, 日本"
徳島県,第5白銀麟(グエオケキア),徳島県勝浦郡上勝町生実,殿川内(とのかわち)渓谷(百間滝の500m上流部),33.8992445,134.3896629,ok,"生実, 上勝町, 勝浦郡, 徳島県, 771-4503, 日本"
徳島県,第9金鳳(フーキヌオエ),徳島県名西郡神山町神領,大粟山山頂(上一宮大粟神社),33.9819973,134.3807959,ok,"神領, 神山町, 名西郡, 徳島県, 771-3310, 日本"
徳島県,第4群青武(フエオラリガ),徳島県三好市山城町上名,大歩危(おおぼけ)峡(大歩危エメラルド),33.8789314,133.731122,ok,"山城町上名, 三好市, 徳島県, 778-8501, 日本"
徳島県,第7橙鳳(ネオアヒン),徳島県美馬市,八面山(やつらさん: 1312m),34.0537915,134.1700644,ok,"美馬市, 徳島県, 777-8577, 日本"
徳島県,第8黒龍(ホエルケ),徳島県三好市東祖谷菅生,「劔(つるぎ)神社」の剣山登山口の最初の鳥居(鉄製)の右横に建てられた三個の石碑の中の一番古い端の石碑に龍管が入力し、また魔界ナグは神社本殿の御神体の背後に開いている。,33.8721277,133.9965736,ok,"東祖谷菅生, 三好市, 徳島県, 778-8501, 日本"
香川県,第9白龍(コムニレギ・ピネ),香川県坂出市五色台,五色台の法印池,34.309665,133.911926,ok,"五色台, 鴨川停車場五色台線, 加茂町, 坂出市, 香川県, 762-0007, 日本"
香川県,第3金麟(ケイキブルオ),香川県小豆郡小豆島町神懸通,小豆島の寒霞(かんか)渓谷の錦屏風,34.4905506,134.300334,ok,"神懸通, 小豆島町, 小豆郡, 香川県, 761-4433, 日本"
香川県,第8紫麟(ビアノヤイエ),香川県三豊市三野町大見,津島神社(陸から250mの小島に在る神社),34.2179713,133.7171644,ok,"三野町大見, 三豊市, 香川県, 767-0031, 日本"
香川県,第3青鳳(ユルヒアヌフ),香川県高松市庵治町竹居,竹居岬の突端の岩場(四国最北端),,,failed,
香川県,第5赤麟(ヘーケル),瀬戸内海(香川県大槌島),,,,failed,
愛媛県,第8白武(ヨエアエエ・オオ),愛媛県上浮穴郡久万高原町,四国カルスト五段高原地下の鍾乳洞内部(地下200m),33.6602974,132.9008253,ok,"久万高原町, 上浮穴郡, 愛媛県, 日本"
愛媛県,第3銀鳳(フニネグエン),愛媛県西条市,石鎚山(南先鋒1982m)山頂(石鎚神社山頂社),33.9194466,133.1813268,ok,"西条市, 愛媛県, 日本"
愛媛県,第5金龍(シアケゲーガ),愛媛県今治市玉川町木地,楢原山(1042m)山頂の奈良原神社(経塚発掘跡),33.936752,132.960744,ok,"玉川町木地, 今治市, 愛媛県, 日本"
愛媛県,第3紫武(アゲキコー),愛媛県今治市大三島町宮浦,大山祇(つじ)神社境内の御神木（楠）,34.2463446,133.0023981,ok,"大三島町宮浦, 下条, 今治市, 愛媛県, 794-1402, 日本"
愛媛県,第1青麟(ヨエレガイア),愛媛県西宇和郡伊方町正野,伊方半島の佐田岬の突端岩場(四国最西端),33.355353,132.037258,ok,"正野, 伊方町, 西宇和郡, 愛媛県, 日本"
愛媛県,第8黄龍(ホイヌエーオ),愛媛県宇和島市野川,滑床(なめとこ)渓谷(出合滑り),33.205626,132.608566,ok,"野川, 宇和島市, 愛媛県, 798-8601, 日本"
愛媛県,第6黄鳳(タキイナエレ),愛媛県今治市玉川町鈍川,鈍川(にぶかわ)渓谷のもみじの道付近の岩場,33.978095,132.948289,ok,"玉川町鈍川, 今治市, 愛媛県, 794-8511, 日本"
愛媛県,第2橙麟(ルエブ),愛媛県新居浜市(高知県吾川郡),石鎚山脈東端の平家平(1692m),,,failed,
愛媛県,第9赤麟(ホウオオルエ),瀬戸内海(伊方半島佐田岬から真北に約45km沖合),,,,failed,
愛媛県,第9黒鳳(サイヒエウ),愛媛県西予市野村町大野ケ原,「龍神神社」の「小松ヶ池」の手前の二本の木の間の石堂に龍管が入力し、反対に池面に突き出た龍神像に魔界ナグが開いている。,33.477995,132.872923,ok,"野村町大野ケ原, 西予市, 愛媛県, 日本"
高知県,第1白龍(ヘランターニ),高知県高岡郡津野町不入山,四万十川源流点の鍾乳洞,33.4407656,133.0631841,ok,"不入山, 津野町, 高岡郡, 高知県, 日本"
高知県,第8白銀鳳(ヌクイ・ビベ),高知県土佐清水市,足摺岬先端部(足摺灯台),32.7816213,132.9548557,ok,"土佐清水市, 高知県, 787-0392, 日本"
高知県,第5金武(ガエロヤエル),高知県足摺岬沖300kmの海底,足摺岬から南方300kmの海溝の底(深度4400m)： 【ヤエゲリア龍神】,,,failed,
高知県,第9金武(ユエオブルン),高知県幡多郡大月町字古満目,古満目岬の突端海岸部(道無し),,,failed,
高知県,第3群青麟(フエアイ),高知県吾川郡仁淀川町ニノ滝,中津渓谷の石柱(エメラルド滝壺),,,failed,
高知県,第6群青鳳(ダマドナル),高知県吾川郡仁淀川町大屋,安居渓谷(水晶淵: 仁淀ブルー),33.6716829,133.1870566,ok,"大屋, 仁淀川町, 吾川郡, 高知県, 日本"
高知県,第6青龍(ヒアキヨ),高知県室戸市室戸岬町鯨浜,室戸岬の突端の岩場,35.5188929,137.8320119,ok,"飯田市立浜井場小学校, 市場桜町線, 小伝馬町二丁目, 浜井町, 橋北, 飯田市, 395-0021, 日本"
高知県,第3緑龍(ホケイチ),高知県吾川郡いの町清水上分,にこ淵の滝壺(仁淀ブルーの一つ),,,failed,
高知県,第4緑鳳(ヨオオリエル),高知県高岡郡越知町山室,大樽の滝(落差34m)の滝壺,33.5106735,133.2410367,ok,"山室, 越知町, 高岡郡, 高知県, 日本"
高知県,第9緑武(クイギケール),高知県香美市,三嶺(みうね)山(1894m)山頂の池,33.603777,133.6860078,ok,"香美市, 高知県, 782-0009, 日本"
高知県,第6黄武(ロエレアイ),高知県吾川郡いの町寺川,白猪谷(しらいだに)渓谷の滝の上流部,,,failed,
高知県,第6橙武(レオキエリ),高知県須崎市(高岡郡佐川町),蟠蛇森(ばんだがもり: 769m),,,failed,
高知県,第9赤龍(ロイコケワ),太平洋(足摺岬から南東約30kmの沖合),,,,failed,
高知県,第6黒鳳(ノエタイ),高知県吾川郡仁淀川町大屋,「東陸様(とうろくさま)神社」の本殿背後の岩峰(安居渓谷の山)に龍管が入力し、本殿の中に魔界ナグが開いている。,33.6716829,133.1870566,ok,"大屋, 仁淀川町, 吾川郡, 高知県, 日本"
福岡県,第4銀武(ヌネア・ドブ),福岡県太宰府市太宰府,太宰府天満宮の菖蒲池,33.5184903,130.5311052,ok,"太宰府, 筑紫野古賀線, 宰府一丁目, 白川, 太宰府市, 福岡県, 818-0125, 日本"
福岡県,第1紫龍(リーキシルゴ),福岡県久留米市瀬下町,水天宮総本宮の境内の池,33.317577,130.492888,ok,"瀬下町, 久留米市, 福岡県, 830-0023, 日本"
福岡県,第9紫武(フエイビカイ),福岡県宗像市地島,地島の龍神様の祠(ほこら)海岸,33.9042543,130.4987119,ok,"地島, 宗像市, 福岡県, 日本"
福岡県,第4青鳳(ヤオクエ),福岡県北九州市門司区白野江,部埼(へさき)灯台(九州最北東端)の海岸,33.9530551,131.0159654,ok,"白野江, 門司区, 北九州市, 福岡県, 日本"
福岡県,第4黒鳳(ソエリオ),福岡県福岡市博多区住吉,「(筑前國一宮)住吉神社」の境内の末社の一つである天津神社の御身体に龍管が入力しており、また魔界ナグは神社の拝殿の社に開いている。,33.5880545,130.4191044,ok,"鹿児島県福岡事務所, 住吉通り, 博多駅前三丁目, 博多駅中央街, 博多区, 福岡市, 福岡県, 812-0012, 日本"
佐賀県,第9群青鳳(ハエヤエル),佐賀県唐津市呼子町加部島,田島神社の力石付近,33.5531978,129.8818301,ok,"呼子町加部島, 唐津市, 佐賀県, 847-0305, 日本"
長崎県,第9銀鳳(フイルヌオナ),長崎県五島市玉之浦町,大瀬崎断崖の先端部,32.6570584,128.6690118,ok,"水産技術研究所 五島庁舎, 7, 玉之浦町布浦, 五島市, 長崎県, 853-0508, 日本"
長崎県,第4金龍(グエニオン),長崎県対馬市上県町,対馬北西部の海岸線から北西に40km沖合の海底岩峰,34.6323958,129.3956637,ok,"上県町佐須奈, 対馬市, 長崎県, 日本"
長崎県,第4金麟(ナゲ・リーリ),長崎県壱岐島の西方沖合の海底,壱岐島から西方に150kmの海底鍾乳洞(深度600m),,,failed,
長崎県,第2青武(ヌネイカル),長崎県長崎市野母町,野母岬の突端岩場(日本国の最西南端),32.584568,129.7560211,ok,"野母町, 長崎市, 長崎県, 850-8685, 日本"
長崎県,第3橙麟(レーゲイオナ),長崎県島原市,雲仙普賢岳(1483m),32.788084,130.3705411,ok,"島原市, 長崎県, 日本"
長崎県,第2赤麟(フリオキオン),東シナ海(五島列島の福江島から南西に約250km沖合),,,,failed,
長崎県,第5赤武(ソイオヌエ),長崎県雲仙市国見町(雲仙普賢岳の山麓),,,,failed,
長崎県,第5黒龍(フエン),長崎県佐世保市宇久町平(五島列島の宇久島),「妙見神社」の最初の一ノ鳥居の正面右柱に龍管が入力し、魔界ナグは本殿の真裏に在る岩に開いている。,,,failed,
熊本県,第6白麟(ルンチゼテラ),熊本県阿蘇郡高森町,(阿蘇)根子(ネコ)岳山頂(1433m),32.840688,131.204628,ok,"高森町, 阿蘇郡, 熊本県, 日本"
熊本県,第4白鳳(ゾシゲワエイ),熊本県阿蘇郡高森町,阿蘇中岳(1506m)の第1火口,32.840688,131.204628,ok,"高森町, 阿蘇郡, 熊本県, 日本"
熊本県,第1白銀龍(ハイソンカ),熊本県阿蘇郡南阿蘇村白川,白川水源湧出口(白川吉見神社),32.8338085,131.0984796,ok,"白川, 南阿蘇村, 阿蘇郡, 熊本県, 869-1502, 日本"
熊本県,第6白銀麟(テソケ・ジデ),熊本県球磨郡五木村(山江村),仰(のけ)烏帽子山(1302m)の山頂,,,failed,
熊本県,第4銀鳳(ヒカエオカ),熊本県八代市,龍神社の水島,32.5081425,130.6020211,ok,"八代市, 熊本県, 日本"
熊本県,第4緑龍(フイオナルス),熊本県上益城郡山都町大野,幣立神宮の御手洗の池,32.685579,131.132226,ok,"大野, 山都町, 上益城郡, 熊本県, 日本"
熊本県,第3黄龍(ビエオライン),熊本県菊池市原,菊池渓谷(広河原流域)の瀬壺,33.012995,130.924257,ok,"原, 菊池市, 熊本県, 日本"
熊本県,第1橙武(ルエキヌネオ),熊本県八代市泉町,上福根山(1645m),32.52485,130.8686663,ok,"泉町柿迫, 八代市, 熊本県, 869-4401, 日本"
熊本県,第2赤武(スエヘルエ),熊本県阿蘇市黒川(阿蘇火山群に入力),,,,failed,
熊本県,第9赤武(セオドビエン),熊本県球磨郡山江村,,32.3104025,130.7547825,ok,"山江村, 球磨郡, 熊本県, 日本"
熊本県,第4黒龍(ワエオリ),熊本県阿蘇郡高森町字上色目,「(上色目: かみしきめ)熊野座神社(かみのいます)」の階段を登り切った拝殿前の直ぐ両傍に立つ石籠(拝殿に向かって右側: 古い方の石籠)に龍管が入力しており、更に神社の上の風穴洞の中に魔界ナグが開いている。： 【ヤエゲリア龍神】,,,failed,
大分県,第3白銀武(ヌリ・デキキ),大分県国東市国見町大熊毛,金比羅鼻の周辺海岸岩石,33.6573971,131.6553119,ok,"国見町大熊毛, 国東市, 大分県, 日本"
大分県,第2紫鳳(ペーオルイイ),大分県日田市大山町西大山,烏宿(からとまり)神社の境内の池,33.2428167,130.9606606,ok,"大山町西大山, 日田市, 大分県, 日本"
大分県,第9群青龍(ギオ),大分県佐伯市宇目,藤河内渓谷のエメラルド淵,32.8581582,131.6708932,ok,"佐伯市立宇目緑豊中学校, 小野市重岡線, 宇目千束, 佐伯市, 大分県, 日本"
大分県,第1青鳳(ヨオオラエラ),大分県佐伯市鶴見大字梶浦,鶴御崎先端の岩場(九州最東端),32.9451698,132.0676788,ok,"大分県漁業協同組合　鶴見支店　東営業店, 梶寄浦佐伯線, 鶴見梶寄浦, 佐伯市, 大分県, 日本"
大分県,第5緑麟(ルエリキオン),大分県玖珠郡玖珠町大字山浦,慈恩(じおん)の滝の滝壺,33.232096,131.107721,ok,"大字山浦, 玖珠町, 玖珠郡, 大分県, 日本"
大分県,第1黄麟(ギエオライラ),大分県中津市山国町草本,猿飛千壺(さるとびせんつぼ)峡の魔林峡,33.437511,131.000929,ok,"山国町草本, 中津市, 大分県, 日本"
大分県,第3橙龍(クエヌエ),大分県由布市,由布岳(1583m),33.1800993,131.4269323,ok,"由布市, 大分県, 日本"
大分県,第8橙武(ナエレ),大分県竹田市,久住連山の中岳(1791m)・御池,32.9736821,131.3979534,ok,"竹田市, 大分県, 日本"
大分県,第9赤鳳(イーオエヌ),大分県竹田市久住町(久住連山の中),,,,failed,
大分県,第1黒武(チヒリタエル),大分県由布市庄内町阿蘇野,「囲碁神社」の黒岳風穴群の中に龍管が入力し、神社の社(囲碁盤がある)に魔界ナグが開いている。,33.1318579,131.338434,ok,"庄内町阿蘇野, 由布市, 大分県, 日本"
宮崎県,第1白武(マヨベフヌユ),宮崎県西臼杵郡高千穂町,高千穂渓谷(真名井の滝)五ヶ瀬川源流点,32.7118328,131.3086688,ok,"宮崎県西臼杵支庁, 北方高千穂線, 高千穂町, 西臼杵郡, 宮崎県, 882-1101, 日本"
宮崎県,第2銀龍(ギエキニリヨ),宮崎県東臼杵郡美郷町,おせりの滝(三段滝)の滝壺,32.4402321,131.423064,ok,"美郷町, 東臼杵郡, 宮崎県, 日本"
宮崎県,第9金麟(ヌウニギケウ),宮崎県西諸県郡高原町蒲牟田,霧島東神社の御池,31.902557,130.961698,ok,"大字蒲牟田, 高原町, 西諸県郡, 宮崎県, 日本"
宮崎県,第4金鳳(ヒクイヌオオ),宮崎県延岡市北方町,鹿川(ししがわ)渓谷の滝壺,32.5792516,131.5291898,ok,"北方町北久保山, 延岡市, 宮崎県, 882-0243, 日本"
宮崎県,第7青龍(ベールキエゴ),宮崎県串間市大字大納,都井岬の突端の岩場,31.403559,131.330248,ok,"大字大納, 串間市, 宮崎県, 888-8555, 日本"
宮崎県,第7黒武(トエーグ),宮崎県西臼杵郡五ヶ瀬町大字鞍岡,「祇園神社」の境内の御神木(イチョウの木)に龍管が入力し、神社の本殿の中に魔界ナグが開いている。,,,failed,
鹿児島県,第3白銀麟(リオルイオゲ),鹿児島県熊毛郡南種子町,種子島の島間川の渓谷(中之上地域),30.5313401,130.9596849,ok,"鹿児島県鹿児島中央家畜保健衛生所熊毛支所, 西之表南種子線, 野間, 中種子町, 熊毛郡, 鹿児島県, 日本"
鹿児島県,第1白銀武(バカギナグキ),鹿児島県熊毛郡屋久島町,白谷雲水峡(渓谷中央部付近),30.3901743,130.6510641,ok,"屋久島町, 熊毛郡, 鹿児島県, 日本"
鹿児島県,第6銀武(ゲグキナオブ),鹿児島県大島郡検村,奄美大島アランガチの滝,28.2807878,129.2970895,ok,"宇検村, 大島郡, 鹿児島県, 日本"
鹿児島県,第5紫武(ビエグルクオ),鹿児島県霧島市隼人町,鹿児島神宮の川(竜宮の亀石の近く),31.7257021,130.7391819,ok,"隼人町住吉, 霧島市, 鹿児島県, 899-4394, 日本"
鹿児島県,第8群青麟(ガエ・ビエゴ),鹿児島県肝属郡南大隅町佐多,佐多岬の先端岩場,30.9944892,130.6603021,ok,"佐多岬, 南大隅町, 肝属郡, 鹿児島県, 日本"
鹿児島県,第2青麟(クエール),鹿児島県南さつま市笠沙町片浦,雀島の西側の島(西海岸の岩場),31.4096734,130.1640798,ok,"笠沙町片浦, 南さつま市, 鹿児島県, 日本"
鹿児島県,第7緑鳳(ヨエルオオン),鹿児島県薩摩川内市祁答院町,藺牟田(いむた)池,31.813846,130.3223076,ok,"鹿児島県立川内商工高等学校, 川内祁答院線, 鳥追町, 薩摩川内市, 鹿児島県, 895-0012, 日本"
鹿児島県,第5黄麟(ケオキオーゲ),鹿児島県霧島市牧園町宿窪田,新川渓谷(最下流域),31.8436589,130.7515032,ok,"牧園町宿窪田, 霧島市, 鹿児島県, 899-4394, 日本"
鹿児島県,第8橙龍(ヌキヒレ),鹿児島県屋久島町,黒味岳(1831m),30.316956,130.5107843,ok,"黒味岳登山道, 屋久島町, 熊毛郡, 鹿児島県, 日本"
鹿児島県,第1赤龍(リユカルエル),鹿児島県南薩摩郡笠流町草垣群島(下ノ島),,,,failed,
鹿児島県,第6赤麟(ホケカルイン),鹿児島県肝属郡錦江町(照葉樹の森),,,,failed,
鹿児島県,第6赤鳳(イエエアイア),鹿児島県鹿児島市桜島(桜島火山に入力),,,,failed,
鹿児島県,第3黒麟(ルエナイ),鹿児島県熊毛郡屋久島町安房,屋久島の「森久(もりひさ)神社」の夫婦アコウ(木)に龍管が入力し、本殿の御身体に魔界ナグが開いている。,30.3199183,130.6538703,ok,"安房, 屋久島町, 熊毛郡, 鹿児島県, 891-4399, 日本"
沖縄県,第4白麟(ヌビエグ),沖縄県八重山郡与那国町,西崎(イリザキ)の龍神島最西端のトゥイシ岩礁,24.4679356,123.0044413,ok,"与那国町, 八重山郡, 沖縄県, 907-1801, 日本"
沖縄県,第3白武(ノイグフエリ),沖縄県宮古島市保良泉海岸,保良泉鍾乳洞の突き当たり(海岸線から3km地点の海底),,,failed,
沖縄県,第4白銀鳳(デジ・ガガズ),沖縄県石垣市字石垣,石垣島鍾乳洞の内部(突き当り),24.3457111,124.1575482,ok,"石垣, 石垣市, 沖縄県, 907-8501, 日本"
沖縄県,第2銀麟(ニオ・ヌイヨ),沖縄県字前島,神山島(岩礁)那覇港の北西4km： 【ヤエゲリア龍神】,26.2129195,127.4479112,ok,"前島, 渡嘉敷村, 島尻郡, 沖縄県, 日本"
沖縄県,第7紫麟(ルワナネメ),沖縄県国頭郡国頭村字辺土名,"赤丸岬の突端の岩島 龍神所在地 一覧(眷属別) 白 白龍 白麟 白鳳 白武 白銀 白銀龍 白銀麟 白銀鳳 白銀武 銀 銀龍 銀麟 銀鳳 銀武 金 金龍 金麟 金鳳 金武 紫 紫龍 紫麟 紫鳳 紫武 群青 群青龍 群青麟 群青鳳 群青武 青 青龍 青麟 青鳳 青武 緑 緑龍 緑麟 緑鳳 緑武 黃 黃龍 黃麟 黃鳳 黃武 橙 橙龍 橙麟 橙鳳 橙武 赤 赤龍 赤麟 赤鳳 赤武 黒 黒龍 黒麟 黒鳳 黒武 龍神所在地 一覧(所在地県別) 先端技術研究機構HP RIAT BLOG カテゴリー カテゴリーなし PAGETOP 龍神スポット写真集 Copyright © 龍神スポット写真集 All Rights Reserved. Powered by WordPress & BizVektor Theme by Vektor,Inc. technology.",26.7454763,128.1750977,ok,"辺土名, 国頭村, 国頭郡, 沖縄県, 905-1499, 日本"
